id,version,name,email,departmentId,employmentType,baseSalary
E0001,1,Andrew Thomas,andrew.thomas1@company.com,D008,FULLTIME,40000000.00
E0002,1,Patricia Sanchez,patricia.sanchez2@company.com,D003,PARTTIME,7000000.00
E0003,1,Donald Jackson,donald.jackson3@company.com,D006,PARTTIME,6000000.00
E0004,1,Jessica Thomas,jessica.thomas4@company.com,D005,FULLTIME,10000000.00
E0005,1,William Ramirez,william.ramirez5@company.com,D010,PARTTIME,7000000.00
E0006,1,Betty Smith,betty.smith6@company.com,D002,FULLTIME,30000000.00
E0007,1,Emily Taylor,emily.taylor7@company.com,D002,FULLTIME,10000000.00
E0008,1,Donna Jackson,donna.jackson8@company.com,D010,FULLTIME,20000000.00
E0009,1,Christopher Thomas,christopher.thomas9@company.com,D002,FULLTIME,40000000.00
E0010,1,Matthew Hernandez,matthew.hernandez10@company.com,D002,FULLTIME,40000000.00
E0011,1,Richard Williams,richard.williams11@company.com,D009,FULLTIME,50000000.00
E0012,1,Margaret Brown,margaret.brown12@company.com,D004,PARTTIME,8000000.00
E0013,1,Donald Johnson,donald.johnson13@company.com,D003,FULLTIME,30000000.00
E0014,1,John Thompson,john.thompson14@company.com,D010,FULLTIME,40000000.00
E0015,1,Thomas Johnson,thomas.johnson15@company.com,D001,PARTTIME,7000000.00
E0016,1,Betty Davis,betty.davis16@company.com,D006,PARTTIME,6000000.00
E0017,1,Barbara Martin,barbara.martin17@company.com,D004,FULLTIME,20000000.00
E0018,1,Andrew Hernandez,andrew.hernandez18@company.com,D002,PARTTIME,7000000.00
E0019,1,Steven Williams,steven.williams19@company.com,D004,FULLTIME,30000000.00
E0020,1,Michelle Williams,michelle.williams20@company.com,D006,PARTTIME,8000000.00
E0021,1,Jessica Jackson,jessica.jackson21@company.com,D003,PARTTIME,6000000.00
E0022,1,Paul Sanchez,paul.sanchez22@company.com,D008,FULLTIME,50000000.00
E0023,1,Sandra Lee,sandra.lee23@company.com,D010,FULLTIME,30000000.00
E0024,1,Paul Jones,paul.jones24@company.com,D001,PARTTIME,8000000.00
E0025,1,Patricia Williams,patricia.williams25@company.com,D006,PARTTIME,6000000.00
E0026,1,Patricia Williams,patricia.williams26@company.com,D007,FULLTIME,20000000.00
E0027,1,Kimberly Williams,kimberly.williams27@company.com,D009,PARTTIME,6000000.00
E0028,1,Michael Walker,michael.walker28@company.com,D001,FULLTIME,20000000.00
E0029,1,Robert Smith,robert.smith29@company.com,D009,FULLTIME,10000000.00
E0030,1,Anthony Davis,anthony.davis30@company.com,D006,PARTTIME,8000000.00
E0031,1,Jennifer Perez,jennifer.perez31@company.com,D010,FULLTIME,10000000.00
E0032,1,Donald Smith,donald.smith32@company.com,D003,FULLTIME,10000000.00
E0033,1,Mary White,mary.white33@company.com,D004,FULLTIME,10000000.00
E0034,1,John Brown,john.brown34@company.com,D009,PARTTIME,7000000.00
E0035,1,Robert White,robert.white35@company.com,D007,PARTTIME,8000000.00
E0036,1,Barbara Moore,barbara.moore36@company.com,D003,PARTTIME,8000000.00
E0037,1,Susan Martinez,susan.martinez37@company.com,D007,PARTTIME,8000000.00
E0038,1,Richard Smith,richard.smith38@company.com,D007,PARTTIME,6000000.00
E0039,1,Christopher Moore,christopher.moore39@company.com,D003,FULLTIME,10000000.00
E0040,1,Emily Moore,emily.moore40@company.com,D003,PARTTIME,6000000.00
E0041,1,Richard Miller,richard.miller41@company.com,D009,PARTTIME,6000000.00
E0042,1,Matthew Davis,matthew.davis42@company.com,D010,FULLTIME,20000000.00
E0043,1,Daniel Martinez,daniel.martinez43@company.com,D009,FULLTIME,20000000.00
E0044,1,Barbara Martinez,barbara.martinez44@company.com,D009,FULLTIME,50000000.00
E0045,1,Sarah Moore,sarah.moore45@company.com,D003,FULLTIME,20000000.00
E0046,1,Donald Lee,donald.lee46@company.com,D001,PARTTIME,7000000.00
E0047,1,Christopher Hernandez,christopher.hernandez47@company.com,D007,PARTTIME,8000000.00
E0048,1,Charles Walker,charles.walker48@company.com,D007,PARTTIME,6000000.00
E0049,1,Mark Ramirez,mark.ramirez49@company.com,D008,PARTTIME,7000000.00
E0050,1,Michelle Hernandez,michelle.hernandez50@company.com,D002,FULLTIME,30000000.00
E0051,1,Joshua Williams,joshua.williams51@company.com,D006,PARTTIME,6000000.00
E0052,1,Emily Young,emily.young52@company.com,D010,PARTTIME,8000000.00
E0053,1,Paul Perez,paul.perez53@company.com,D009,PARTTIME,8000000.00
E0054,1,Jennifer Martin,jennifer.martin54@company.com,D008,FULLTIME,10000000.00
E0055,1,Jessica Martin,jessica.martin55@company.com,D007,FULLTIME,10000000.00
E0056,1,Joseph Thomas,joseph.thomas56@company.com,D007,PARTTIME,8000000.00
E0057,1,Donna White,donna.white57@company.com,D001,PARTTIME,8000000.00
E0058,1,Andrew Robinson,andrew.robinson58@company.com,D005,PARTTIME,6000000.00
E0059,1,Joshua Young,joshua.young59@company.com,D006,PARTTIME,8000000.00
E0060,1,Richard Walker,richard.walker60@company.com,D007,PARTTIME,8000000.00
E0061,1,Barbara Lewis,barbara.lewis61@company.com,D003,PARTTIME,7000000.00
E0062,1,David Martinez,david.martinez62@company.com,D005,FULLTIME,40000000.00
E0063,1,Elizabeth Jones,elizabeth.jones63@company.com,D007,PARTTIME,8000000.00
E0064,1,Donna Jones,donna.jones64@company.com,D005,FULLTIME,10000000.00
E0065,1,Emily Martin,emily.martin65@company.com,D010,FULLTIME,40000000.00
E0066,1,Paul Rodriguez,paul.rodriguez66@company.com,D006,PARTTIME,6000000.00
E0067,1,William Williams,william.williams67@company.com,D009,PARTTIME,6000000.00
E0068,1,Thomas Smith,thomas.smith68@company.com,D008,PARTTIME,7000000.00
E0069,1,Karen Rodriguez,karen.rodriguez69@company.com,D003,PARTTIME,8000000.00
E0070,1,Mary Clark,mary.clark70@company.com,D002,FULLTIME,20000000.00
E0071,1,William Williams,william.williams71@company.com,D005,PARTTIME,6000000.00
E0072,1,Daniel Harris,daniel.harris72@company.com,D004,PARTTIME,7000000.00
E0073,1,Margaret Ramirez,margaret.ramirez73@company.com,D001,PARTTIME,8000000.00
E0074,1,Anthony Brown,anthony.brown74@company.com,D003,PARTTIME,7000000.00
E0075,1,Emily Robinson,emily.robinson75@company.com,D001,PARTTIME,7000000.00
E0076,1,David Hernandez,david.hernandez76@company.com,D009,PARTTIME,7000000.00
E0077,1,Betty Davis,betty.davis77@company.com,D003,FULLTIME,30000000.00
E0078,1,Robert Johnson,robert.johnson78@company.com,D001,FULLTIME,20000000.00
E0079,1,Betty Brown,betty.brown79@company.com,D004,FULLTIME,20000000.00
E0080,1,Sarah Brown,sarah.brown80@company.com,D007,FULLTIME,10000000.00
E0081,1,Jennifer Brown,jennifer.brown81@company.com,D001,PARTTIME,6000000.00
E0082,1,Joshua Davis,joshua.davis82@company.com,D005,PARTTIME,6000000.00
E0083,1,Robert Young,robert.young83@company.com,D005,PARTTIME,6000000.00
E0084,1,David Garcia,david.garcia84@company.com,D002,PARTTIME,8000000.00
E0085,1,Jessica Thompson,jessica.thompson85@company.com,D009,FULLTIME,30000000.00
E0086,1,Richard Walker,richard.walker86@company.com,D003,PARTTIME,8000000.00
E0087,1,Linda Thompson,linda.thompson87@company.com,D005,FULLTIME,50000000.00
E0088,1,Betty Clark,betty.clark88@company.com,D002,FULLTIME,20000000.00
E0089,1,Christopher Taylor,christopher.taylor89@company.com,D009,FULLTIME,20000000.00
E0090,1,Linda Harris,linda.harris90@company.com,D002,PARTTIME,8000000.00
E0091,1,Michelle Anderson,michelle.anderson91@company.com,D002,PARTTIME,8000000.00
E0092,1,Joseph Jackson,joseph.jackson92@company.com,D007,FULLTIME,10000000.00
E0093,1,Linda Thompson,linda.thompson93@company.com,D002,FULLTIME,40000000.00
E0094,1,Thomas Ramirez,thomas.ramirez94@company.com,D007,PARTTIME,8000000.00
E0095,1,Robert Jones,robert.jones95@company.com,D003,FULLTIME,40000000.00
E0096,1,Susan Hernandez,susan.hernandez96@company.com,D001,PARTTIME,8000000.00
E0097,1,Nancy Martinez,nancy.martinez97@company.com,D008,PARTTIME,8000000.00
E0098,1,William Brown,william.brown98@company.com,D001,FULLTIME,20000000.00
E0099,1,Michael Brown,michael.brown99@company.com,D001,FULLTIME,30000000.00
E0100,1,Kimberly Smith,kimberly.smith100@company.com,D005,PARTTIME,8000000.00
E0101,1,Jennifer Thomas,jennifer.thomas101@company.com,D005,PARTTIME,8000000.00
E0102,1,Patricia Martin,patricia.martin102@company.com,D006,FULLTIME,10000000.00
E0103,1,Susan Walker,susan.walker103@company.com,D001,PARTTIME,6000000.00
E0104,1,John Thompson,john.thompson104@company.com,D008,PARTTIME,8000000.00
E0105,1,Donald Lee,donald.lee105@company.com,D005,PARTTIME,6000000.00
E0106,1,Emily Johnson,emily.johnson106@company.com,D007,FULLTIME,20000000.00
E0107,1,Joshua Brown,joshua.brown107@company.com,D003,FULLTIME,30000000.00
E0108,1,Ashley Williams,ashley.williams108@company.com,D006,FULLTIME,50000000.00
E0109,1,John Sanchez,john.sanchez109@company.com,D002,PARTTIME,7000000.00
E0110,1,John Miller,john.miller110@company.com,D006,PARTTIME,7000000.00
E0111,1,Sandra Thomas,sandra.thomas111@company.com,D009,FULLTIME,20000000.00
E0112,1,Charles Thomas,charles.thomas112@company.com,D007,FULLTIME,50000000.00
E0113,1,Betty Rodriguez,betty.rodriguez113@company.com,D008,PARTTIME,6000000.00
E0114,1,Christopher Miller,christopher.miller114@company.com,D001,FULLTIME,50000000.00
E0115,1,Nancy Jackson,nancy.jackson115@company.com,D008,PARTTIME,7000000.00
E0116,1,Jessica White,jessica.white116@company.com,D008,FULLTIME,10000000.00
E0117,1,Sandra Robinson,sandra.robinson117@company.com,D001,FULLTIME,20000000.00
E0118,1,Barbara Johnson,barbara.johnson118@company.com,D008,PARTTIME,8000000.00
E0119,1,Michael Wilson,michael.wilson119@company.com,D002,PARTTIME,8000000.00
E0120,1,Ashley Brown,ashley.brown120@company.com,D010,PARTTIME,6000000.00
E0121,1,Sandra Anderson,sandra.anderson121@company.com,D002,FULLTIME,40000000.00
E0122,1,Joseph Walker,joseph.walker122@company.com,D004,FULLTIME,30000000.00
E0123,1,Mary Lee,mary.lee123@company.com,D006,PARTTIME,7000000.00
E0124,1,Jessica Harris,jessica.harris124@company.com,D009,FULLTIME,40000000.00
E0125,1,David Wilson,david.wilson125@company.com,D001,PARTTIME,8000000.00
E0126,1,Elizabeth Robinson,elizabeth.robinson126@company.com,D002,PARTTIME,6000000.00
E0127,1,James Brown,james.brown127@company.com,D001,PARTTIME,8000000.00
E0128,1,James Brown,james.brown128@company.com,D002,FULLTIME,30000000.00
E0129,1,Mary Perez,mary.perez129@company.com,D002,FULLTIME,50000000.00
E0130,1,Ashley Anderson,ashley.anderson130@company.com,D008,PARTTIME,8000000.00
E0131,1,Mary Lewis,mary.lewis131@company.com,D007,PARTTIME,7000000.00
E0132,1,Sandra Smith,sandra.smith132@company.com,D008,FULLTIME,50000000.00
E0133,1,Elizabeth Rodriguez,elizabeth.rodriguez133@company.com,D001,FULLTIME,30000000.00
E0134,1,William Jones,william.jones134@company.com,D004,PARTTIME,8000000.00
E0135,1,Joshua Perez,joshua.perez135@company.com,D007,FULLTIME,20000000.00
E0136,1,Patricia Perez,patricia.perez136@company.com,D008,FULLTIME,40000000.00
E0137,1,Sarah Taylor,sarah.taylor137@company.com,D004,FULLTIME,40000000.00
E0138,1,Elizabeth Hernandez,elizabeth.hernandez138@company.com,D008,PARTTIME,7000000.00
E0139,1,Richard Smith,richard.smith139@company.com,D006,PARTTIME,8000000.00
E0140,1,Michael Walker,michael.walker140@company.com,D005,FULLTIME,40000000.00
E0141,1,William Garcia,william.garcia141@company.com,D010,FULLTIME,30000000.00
E0142,1,Barbara Williams,barbara.williams142@company.com,D006,PARTTIME,7000000.00
E0143,1,Joshua Brown,joshua.brown143@company.com,D003,PARTTIME,6000000.00
E0144,1,Linda Sanchez,linda.sanchez144@company.com,D002,FULLTIME,40000000.00
E0145,1,Susan Rodriguez,susan.rodriguez145@company.com,D005,PARTTIME,7000000.00
E0146,1,Donald Sanchez,donald.sanchez146@company.com,D005,PARTTIME,8000000.00
E0147,1,Matthew Lee,matthew.lee147@company.com,D003,FULLTIME,50000000.00
E0148,1,Elizabeth Rodriguez,elizabeth.rodriguez148@company.com,D006,FULLTIME,50000000.00
E0149,1,Thomas Perez,thomas.perez149@company.com,D001,PARTTIME,8000000.00
E0150,1,Michael Martin,michael.martin150@company.com,D002,FULLTIME,40000000.00
E0151,1,Linda Hernandez,linda.hernandez151@company.com,D009,PARTTIME,8000000.00
E0152,1,Donna Davis,donna.davis152@company.com,D008,FULLTIME,20000000.00
E0153,1,Michelle Davis,michelle.davis153@company.com,D009,FULLTIME,10000000.00
E0154,1,Steven Rodriguez,steven.rodriguez154@company.com,D006,PARTTIME,6000000.00
E0155,1,William Sanchez,william.sanchez155@company.com,D008,FULLTIME,20000000.00
E0156,1,Mark Rodriguez,mark.rodriguez156@company.com,D009,FULLTIME,30000000.00
E0157,1,Paul Smith,paul.smith157@company.com,D003,FULLTIME,30000000.00
E0158,1,John Perez,john.perez158@company.com,D004,FULLTIME,40000000.00
E0159,1,Matthew Sanchez,matthew.sanchez159@company.com,D006,PARTTIME,6000000.00
E0160,1,Andrew Sanchez,andrew.sanchez160@company.com,D003,PARTTIME,8000000.00
E0161,1,Robert Moore,robert.moore161@company.com,D003,PARTTIME,8000000.00
E0162,1,Mark Anderson,mark.anderson162@company.com,D001,PARTTIME,8000000.00
E0163,1,Michelle Martin,michelle.martin163@company.com,D008,FULLTIME,20000000.00
E0164,1,Charles Clark,charles.clark164@company.com,D001,FULLTIME,40000000.00
E0165,1,Lisa Perez,lisa.perez165@company.com,D002,FULLTIME,20000000.00
E0166,1,Anthony Sanchez,anthony.sanchez166@company.com,D007,PARTTIME,7000000.00
E0167,1,Nancy Lewis,nancy.lewis167@company.com,D004,FULLTIME,50000000.00
E0168,1,Jennifer Perez,jennifer.perez168@company.com,D001,PARTTIME,6000000.00
E0169,1,David Anderson,david.anderson169@company.com,D010,FULLTIME,10000000.00
E0170,1,Thomas Hernandez,thomas.hernandez170@company.com,D009,FULLTIME,10000000.00
E0171,1,Betty Rodriguez,betty.rodriguez171@company.com,D004,PARTTIME,7000000.00
E0172,1,Emily Jones,emily.jones172@company.com,D005,PARTTIME,8000000.00
E0173,1,Elizabeth Walker,elizabeth.walker173@company.com,D005,PARTTIME,6000000.00
E0174,1,David Wilson,david.wilson174@company.com,D010,FULLTIME,10000000.00
E0175,1,Nancy Wilson,nancy.wilson175@company.com,D010,FULLTIME,30000000.00
E0176,1,David Jackson,david.jackson176@company.com,D003,PARTTIME,8000000.00
E0177,1,Robert Young,robert.young177@company.com,D008,PARTTIME,8000000.00
E0178,1,Ashley Taylor,ashley.taylor178@company.com,D007,FULLTIME,30000000.00
E0179,1,Michael Davis,michael.davis179@company.com,D002,PARTTIME,7000000.00
E0180,1,Donna Garcia,donna.garcia180@company.com,D002,FULLTIME,10000000.00
E0181,1,Karen Wilson,karen.wilson181@company.com,D003,PARTTIME,6000000.00
E0182,1,Betty Smith,betty.smith182@company.com,D009,PARTTIME,8000000.00
E0183,1,Joseph Garcia,joseph.garcia183@company.com,D008,PARTTIME,6000000.00
E0184,1,Jennifer Perez,jennifer.perez184@company.com,D001,FULLTIME,10000000.00
E0185,1,Karen Wilson,karen.wilson185@company.com,D004,PARTTIME,7000000.00
E0186,1,Barbara Jackson,barbara.jackson186@company.com,D005,PARTTIME,6000000.00
E0187,1,William Taylor,william.taylor187@company.com,D001,PARTTIME,6000000.00
E0188,1,Betty Martinez,betty.martinez188@company.com,D010,PARTTIME,7000000.00
E0189,1,Susan Harris,susan.harris189@company.com,D002,FULLTIME,10000000.00
E0190,1,Elizabeth Hernandez,elizabeth.hernandez190@company.com,D010,FULLTIME,10000000.00
E0191,1,Donald Smith,donald.smith191@company.com,D005,FULLTIME,40000000.00
E0192,1,Christopher Williams,christopher.williams192@company.com,D007,PARTTIME,7000000.00
E0193,1,Robert Martinez,robert.martinez193@company.com,D009,PARTTIME,6000000.00
E0194,1,David Garcia,david.garcia194@company.com,D001,FULLTIME,20000000.00
E0195,1,Charles Ramirez,charles.ramirez195@company.com,D003,PARTTIME,6000000.00
E0196,1,Mary Jackson,mary.jackson196@company.com,D010,PARTTIME,6000000.00
E0197,1,Patricia Davis,patricia.davis197@company.com,D001,PARTTIME,8000000.00
E0198,1,Jessica Jones,jessica.jones198@company.com,D007,PARTTIME,8000000.00
E0199,1,Donna Hernandez,donna.hernandez199@company.com,D008,PARTTIME,6000000.00
E0200,1,Margaret Rodriguez,margaret.rodriguez200@company.com,D008,FULLTIME,30000000.00
E0201,1,Elizabeth Harris,elizabeth.harris201@company.com,D001,FULLTIME,40000000.00
E0202,1,Donna Martin,donna.martin202@company.com,D009,PARTTIME,7000000.00
E0203,1,Matthew Thompson,matthew.thompson203@company.com,D008,PARTTIME,8000000.00
E0204,1,Sarah Brown,sarah.brown204@company.com,D002,PARTTIME,6000000.00
E0205,1,Emily Sanchez,emily.sanchez205@company.com,D007,FULLTIME,40000000.00
E0206,1,Margaret Robinson,margaret.robinson206@company.com,D001,FULLTIME,50000000.00
E0207,1,Linda Clark,linda.clark207@company.com,D006,FULLTIME,30000000.00
E0208,1,Charles Lewis,charles.lewis208@company.com,D006,FULLTIME,50000000.00
E0209,1,Barbara Johnson,barbara.johnson209@company.com,D009,FULLTIME,50000000.00
E0210,1,Karen Miller,karen.miller210@company.com,D005,FULLTIME,30000000.00
E0211,1,Richard Williams,richard.williams211@company.com,D003,PARTTIME,7000000.00
E0212,1,Michael Wilson,michael.wilson212@company.com,D006,FULLTIME,30000000.00
E0213,1,Betty Martinez,betty.martinez213@company.com,D007,PARTTIME,8000000.00
E0214,1,Thomas Jackson,thomas.jackson214@company.com,D009,PARTTIME,7000000.00
E0215,1,Betty Moore,betty.moore215@company.com,D005,FULLTIME,50000000.00
E0216,1,Donna Hernandez,donna.hernandez216@company.com,D006,FULLTIME,40000000.00
E0217,1,Andrew Hernandez,andrew.hernandez217@company.com,D003,PARTTIME,6000000.00
E0218,1,Charles Young,charles.young218@company.com,D010,PARTTIME,8000000.00
E0219,1,Richard Thomas,richard.thomas219@company.com,D009,PARTTIME,8000000.00
E0220,1,Sarah Perez,sarah.perez220@company.com,D002,FULLTIME,40000000.00
E0221,1,Jessica Martinez,jessica.martinez221@company.com,D001,PARTTIME,8000000.00
E0222,1,Steven Johnson,steven.johnson222@company.com,D001,FULLTIME,30000000.00
E0223,1,James Martin,james.martin223@company.com,D007,FULLTIME,30000000.00
E0224,1,Robert Wilson,robert.wilson224@company.com,D001,PARTTIME,7000000.00
E0225,1,Michael Martinez,michael.martinez225@company.com,D010,FULLTIME,20000000.00
E0226,1,Daniel Robinson,daniel.robinson226@company.com,D001,FULLTIME,50000000.00
E0227,1,Michael Brown,michael.brown227@company.com,D004,FULLTIME,10000000.00
E0228,1,Jennifer White,jennifer.white228@company.com,D007,FULLTIME,30000000.00
E0229,1,Donna Thompson,donna.thompson229@company.com,D004,FULLTIME,40000000.00
E0230,1,Sarah White,sarah.white230@company.com,D005,FULLTIME,20000000.00
E0231,1,Barbara Anderson,barbara.anderson231@company.com,D002,PARTTIME,8000000.00
E0232,1,Donald Sanchez,donald.sanchez232@company.com,D003,FULLTIME,10000000.00
E0233,1,Linda Young,linda.young233@company.com,D009,FULLTIME,50000000.00
E0234,1,Nancy Davis,nancy.davis234@company.com,D001,FULLTIME,40000000.00
E0235,1,Nancy Anderson,nancy.anderson235@company.com,D005,FULLTIME,10000000.00
E0236,1,Richard Jackson,richard.jackson236@company.com,D003,FULLTIME,10000000.00
E0237,1,Steven Wilson,steven.wilson237@company.com,D010,PARTTIME,6000000.00
E0238,1,Joshua Jones,joshua.jones238@company.com,D002,FULLTIME,30000000.00
E0239,1,Matthew Garcia,matthew.garcia239@company.com,D008,FULLTIME,50000000.00
E0240,1,Karen Rodriguez,karen.rodriguez240@company.com,D002,FULLTIME,10000000.00
E0241,1,Donna Thompson,donna.thompson241@company.com,D008,FULLTIME,40000000.00
E0242,1,Ashley Moore,ashley.moore242@company.com,D010,FULLTIME,10000000.00
E0243,1,Susan Thomas,susan.thomas243@company.com,D002,FULLTIME,40000000.00
E0244,1,Joshua Miller,joshua.miller244@company.com,D001,PARTTIME,8000000.00
E0245,1,Mark Rodriguez,mark.rodriguez245@company.com,D003,PARTTIME,8000000.00
E0246,1,Ashley Sanchez,ashley.sanchez246@company.com,D008,PARTTIME,7000000.00
E0247,1,Elizabeth Moore,elizabeth.moore247@company.com,D003,PARTTIME,7000000.00
E0248,1,Steven Perez,steven.perez248@company.com,D004,PARTTIME,7000000.00
E0249,1,Jennifer Jones,jennifer.jones249@company.com,D007,PARTTIME,7000000.00
E0250,1,Linda Thompson,linda.thompson250@company.com,D003,PARTTIME,7000000.00
E0251,1,Charles Perez,charles.perez251@company.com,D009,PARTTIME,8000000.00
E0252,1,Linda Lewis,linda.lewis252@company.com,D001,FULLTIME,30000000.00
E0253,1,Christopher Jones,christopher.jones253@company.com,D006,PARTTIME,7000000.00
E0254,1,Emily White,emily.white254@company.com,D006,FULLTIME,10000000.00
E0255,1,David White,david.white255@company.com,D005,FULLTIME,30000000.00
E0256,1,William Harris,william.harris256@company.com,D008,FULLTIME,40000000.00
E0257,1,Joseph Young,joseph.young257@company.com,D002,PARTTIME,7000000.00
E0258,1,Emily Martin,emily.martin258@company.com,D001,FULLTIME,10000000.00
E0259,1,Linda Jones,linda.jones259@company.com,D001,PARTTIME,8000000.00
E0260,1,Kimberly Robinson,kimberly.robinson260@company.com,D003,PARTTIME,8000000.00
E0261,1,Ashley Hernandez,ashley.hernandez261@company.com,D002,FULLTIME,50000000.00
E0262,1,Margaret Thompson,margaret.thompson262@company.com,D002,FULLTIME,20000000.00
E0263,1,Donna Lewis,donna.lewis263@company.com,D010,PARTTIME,8000000.00
E0264,1,Christopher Jackson,christopher.jackson264@company.com,D003,FULLTIME,50000000.00
E0265,1,Michael Hernandez,michael.hernandez265@company.com,D003,PARTTIME,6000000.00
E0266,1,Andrew Robinson,andrew.robinson266@company.com,D002,FULLTIME,40000000.00
E0267,1,Thomas Jackson,thomas.jackson267@company.com,D003,PARTTIME,6000000.00
E0268,1,David Anderson,david.anderson268@company.com,D004,PARTTIME,8000000.00
E0269,1,David Lee,david.lee269@company.com,D006,PARTTIME,8000000.00
E0270,1,David Davis,david.davis270@company.com,D009,PARTTIME,8000000.00
E0271,1,William Jones,william.jones271@company.com,D004,FULLTIME,20000000.00
E0272,1,Patricia Lee,patricia.lee272@company.com,D002,FULLTIME,50000000.00
E0273,1,Elizabeth Taylor,elizabeth.taylor273@company.com,D001,PARTTIME,8000000.00
E0274,1,Michael Martinez,michael.martinez274@company.com,D005,FULLTIME,10000000.00
E0275,1,Daniel Brown,daniel.brown275@company.com,D003,FULLTIME,50000000.00
E0276,1,Thomas Hernandez,thomas.hernandez276@company.com,D007,PARTTIME,6000000.00
E0277,1,Anthony Martin,anthony.martin277@company.com,D008,PARTTIME,6000000.00
E0278,1,Kimberly Miller,kimberly.miller278@company.com,D004,FULLTIME,40000000.00
E0279,1,David Moore,david.moore279@company.com,D005,FULLTIME,10000000.00
E0280,1,John Young,john.young280@company.com,D001,FULLTIME,20000000.00
E0281,1,Patricia Moore,patricia.moore281@company.com,D007,PARTTIME,7000000.00
E0282,1,Susan Harris,susan.harris282@company.com,D006,PARTTIME,6000000.00
E0283,1,Richard Thompson,richard.thompson283@company.com,D001,PARTTIME,6000000.00
E0284,1,Susan Taylor,susan.taylor284@company.com,D003,FULLTIME,10000000.00
E0285,1,Kimberly Anderson,kimberly.anderson285@company.com,D006,FULLTIME,10000000.00
E0286,1,Charles Perez,charles.perez286@company.com,D001,FULLTIME,20000000.00
E0287,1,Donald Clark,donald.clark287@company.com,D010,FULLTIME,50000000.00
E0288,1,Donna Walker,donna.walker288@company.com,D003,FULLTIME,30000000.00
E0289,1,Elizabeth Hernandez,elizabeth.hernandez289@company.com,D004,PARTTIME,7000000.00
E0290,1,Jennifer Moore,jennifer.moore290@company.com,D002,FULLTIME,30000000.00
E0291,1,Daniel Lee,daniel.lee291@company.com,D002,FULLTIME,50000000.00
E0292,1,Sandra Young,sandra.young292@company.com,D008,PARTTIME,6000000.00
E0293,1,Susan Jones,susan.jones293@company.com,D007,PARTTIME,6000000.00
E0294,1,Elizabeth Smith,elizabeth.smith294@company.com,D004,FULLTIME,10000000.00
E0295,1,Matthew Martinez,matthew.martinez295@company.com,D003,PARTTIME,7000000.00
E0296,1,Patricia Harris,patricia.harris296@company.com,D009,PARTTIME,6000000.00
E0297,1,David Garcia,david.garcia297@company.com,D008,FULLTIME,30000000.00
E0298,1,Ashley Thompson,ashley.thompson298@company.com,D010,FULLTIME,30000000.00
E0299,1,William Williams,william.williams299@company.com,D003,FULLTIME,50000000.00
E0300,1,Lisa Taylor,lisa.taylor300@company.com,D005,PARTTIME,6000000.00
E0301,1,Susan Williams,susan.williams301@company.com,D004,FULLTIME,40000000.00
E0302,1,Joseph Wilson,joseph.wilson302@company.com,D005,PARTTIME,7000000.00
E0303,1,Joseph Lewis,joseph.lewis303@company.com,D005,FULLTIME,50000000.00
E0304,1,Jennifer Harris,jennifer.harris304@company.com,D009,FULLTIME,10000000.00
E0305,1,Andrew Williams,andrew.williams305@company.com,D003,PARTTIME,8000000.00
E0306,1,Jennifer White,jennifer.white306@company.com,D006,FULLTIME,10000000.00
E0307,1,Sandra Anderson,sandra.anderson307@company.com,D006,PARTTIME,6000000.00
E0308,1,Kimberly Wilson,kimberly.wilson308@company.com,D004,PARTTIME,6000000.00
E0309,1,Donna Sanchez,donna.sanchez309@company.com,D003,FULLTIME,10000000.00
E0310,1,Mark Moore,mark.moore310@company.com,D008,FULLTIME,10000000.00
E0311,1,Mary Walker,mary.walker311@company.com,D006,PARTTIME,6000000.00
E0312,1,Jessica Taylor,jessica.taylor312@company.com,D002,FULLTIME,40000000.00
E0313,1,Betty Garcia,betty.garcia313@company.com,D009,PARTTIME,7000000.00
E0314,1,Betty Miller,betty.miller314@company.com,D007,PARTTIME,6000000.00
E0315,1,Jessica Hernandez,jessica.hernandez315@company.com,D003,PARTTIME,8000000.00
E0316,1,William Hernandez,william.hernandez316@company.com,D010,FULLTIME,20000000.00
E0317,1,Thomas Walker,thomas.walker317@company.com,D005,FULLTIME,10000000.00
E0318,1,David Williams,david.williams318@company.com,D006,PARTTIME,7000000.00
E0319,1,John Thompson,john.thompson319@company.com,D009,FULLTIME,30000000.00
E0320,1,Susan Smith,susan.smith320@company.com,D006,PARTTIME,6000000.00
E0321,1,Donald Jackson,donald.jackson321@company.com,D003,FULLTIME,30000000.00
E0322,1,Linda Taylor,linda.taylor322@company.com,D001,FULLTIME,10000000.00
E0323,1,Thomas Clark,thomas.clark323@company.com,D007,PARTTIME,7000000.00
E0324,1,Christopher Clark,christopher.clark324@company.com,D006,PARTTIME,8000000.00
E0325,1,Sandra Jones,sandra.jones325@company.com,D003,PARTTIME,8000000.00
E0326,1,Sandra Johnson,sandra.johnson326@company.com,D005,FULLTIME,50000000.00
E0327,1,Jessica Sanchez,jessica.sanchez327@company.com,D003,PARTTIME,6000000.00
E0328,1,Nancy Jackson,nancy.jackson328@company.com,D007,FULLTIME,30000000.00
E0329,1,William Smith,william.smith329@company.com,D005,FULLTIME,30000000.00
E0330,1,Donna Miller,donna.miller330@company.com,D008,PARTTIME,7000000.00
E0331,1,Sandra Rodriguez,sandra.rodriguez331@company.com,D006,FULLTIME,20000000.00
E0332,1,Kimberly Robinson,kimberly.robinson332@company.com,D009,PARTTIME,6000000.00
E0333,1,Joseph Smith,joseph.smith333@company.com,D009,PARTTIME,7000000.00
E0334,1,Andrew Thompson,andrew.thompson334@company.com,D009,FULLTIME,20000000.00
E0335,1,Susan Smith,susan.smith335@company.com,D010,FULLTIME,30000000.00
E0336,1,Susan Jackson,susan.jackson336@company.com,D010,PARTTIME,8000000.00
E0337,1,Linda Martin,linda.martin337@company.com,D008,FULLTIME,30000000.00
E0338,1,Elizabeth Anderson,elizabeth.anderson338@company.com,D004,FULLTIME,30000000.00
E0339,1,Ashley Hernandez,ashley.hernandez339@company.com,D009,FULLTIME,10000000.00
E0340,1,Susan Taylor,susan.taylor340@company.com,D010,FULLTIME,10000000.00
E0341,1,Barbara Williams,barbara.williams341@company.com,D004,FULLTIME,40000000.00
E0342,1,Paul Brown,paul.brown342@company.com,D004,PARTTIME,8000000.00
E0343,1,Donna Sanchez,donna.sanchez343@company.com,D005,PARTTIME,8000000.00
E0344,1,Sandra Ramirez,sandra.ramirez344@company.com,D009,PARTTIME,6000000.00
E0345,1,Christopher Moore,christopher.moore345@company.com,D005,FULLTIME,10000000.00
E0346,1,Sarah Wilson,sarah.wilson346@company.com,D007,PARTTIME,6000000.00
E0347,1,Daniel Sanchez,daniel.sanchez347@company.com,D009,FULLTIME,10000000.00
E0348,1,Ashley Garcia,ashley.garcia348@company.com,D001,FULLTIME,10000000.00
E0349,1,Joshua Hernandez,joshua.hernandez349@company.com,D010,FULLTIME,50000000.00
E0350,1,Michelle Ramirez,michelle.ramirez350@company.com,D007,PARTTIME,6000000.00
E0351,1,Linda White,linda.white351@company.com,D005,PARTTIME,8000000.00
E0352,1,Donald Taylor,donald.taylor352@company.com,D010,FULLTIME,30000000.00
E0353,1,Michael Harris,michael.harris353@company.com,D009,PARTTIME,7000000.00
E0354,1,Paul Brown,paul.brown354@company.com,D005,PARTTIME,6000000.00
E0355,1,Robert Johnson,robert.johnson355@company.com,D005,FULLTIME,50000000.00
E0356,1,Barbara Jackson,barbara.jackson356@company.com,D007,PARTTIME,8000000.00
E0357,1,Margaret Martinez,margaret.martinez357@company.com,D005,PARTTIME,6000000.00
E0358,1,Lisa Wilson,lisa.wilson358@company.com,D002,FULLTIME,40000000.00
E0359,1,Joseph Harris,joseph.harris359@company.com,D003,PARTTIME,8000000.00
E0360,1,Christopher Taylor,christopher.taylor360@company.com,D005,PARTTIME,6000000.00
E0361,1,Jennifer Jackson,jennifer.jackson361@company.com,D007,PARTTIME,7000000.00
E0362,1,Betty Williams,betty.williams362@company.com,D007,FULLTIME,30000000.00
E0363,1,Richard Hernandez,richard.hernandez363@company.com,D004,PARTTIME,7000000.00
E0364,1,Richard Jones,richard.jones364@company.com,D010,PARTTIME,7000000.00
E0365,1,Elizabeth Hernandez,elizabeth.hernandez365@company.com,D006,PARTTIME,7000000.00
E0366,1,Sarah Taylor,sarah.taylor366@company.com,D005,PARTTIME,8000000.00
E0367,1,Sarah Thomas,sarah.thomas367@company.com,D001,PARTTIME,7000000.00
E0368,1,James Harris,james.harris368@company.com,D009,FULLTIME,40000000.00
E0369,1,Charles Lewis,charles.lewis369@company.com,D002,PARTTIME,8000000.00
E0370,1,Matthew Walker,matthew.walker370@company.com,D010,PARTTIME,7000000.00
E0371,1,Steven Anderson,steven.anderson371@company.com,D006,PARTTIME,6000000.00
E0372,1,Ashley Sanchez,ashley.sanchez372@company.com,D007,FULLTIME,40000000.00
E0373,1,Michael Taylor,michael.taylor373@company.com,D005,FULLTIME,10000000.00
E0374,1,William Lewis,william.lewis374@company.com,D005,FULLTIME,40000000.00
E0375,1,Andrew White,andrew.white375@company.com,D002,PARTTIME,7000000.00
E0376,1,Patricia Martinez,patricia.martinez376@company.com,D010,PARTTIME,8000000.00
E0377,1,William Williams,william.williams377@company.com,D005,PARTTIME,6000000.00
E0378,1,Paul Johnson,paul.johnson378@company.com,D006,PARTTIME,8000000.00
E0379,1,Ashley Smith,ashley.smith379@company.com,D003,PARTTIME,7000000.00
E0380,1,Daniel Robinson,daniel.robinson380@company.com,D010,PARTTIME,8000000.00
E0381,1,Michelle Martin,michelle.martin381@company.com,D006,PARTTIME,8000000.00
E0382,1,Susan Moore,susan.moore382@company.com,D005,PARTTIME,6000000.00
E0383,1,William Thompson,william.thompson383@company.com,D001,PARTTIME,8000000.00
E0384,1,Sandra Garcia,sandra.garcia384@company.com,D002,FULLTIME,40000000.00
E0385,1,Andrew Ramirez,andrew.ramirez385@company.com,D005,FULLTIME,20000000.00
E0386,1,Lisa Garcia,lisa.garcia386@company.com,D003,FULLTIME,40000000.00
E0387,1,Jennifer Perez,jennifer.perez387@company.com,D007,PARTTIME,7000000.00
E0388,1,John White,john.white388@company.com,D004,FULLTIME,10000000.00
E0389,1,Nancy Garcia,nancy.garcia389@company.com,D004,FULLTIME,40000000.00
E0390,1,Mary Miller,mary.miller390@company.com,D008,PARTTIME,8000000.00
E0391,1,Betty Smith,betty.smith391@company.com,D005,PARTTIME,6000000.00
E0392,1,Elizabeth Lee,elizabeth.lee392@company.com,D002,PARTTIME,8000000.00
E0393,1,Mark Martinez,mark.martinez393@company.com,D005,FULLTIME,10000000.00
E0394,1,Steven Martin,steven.martin394@company.com,D001,FULLTIME,10000000.00
E0395,1,Mary Clark,mary.clark395@company.com,D001,PARTTIME,6000000.00
E0396,1,James Perez,james.perez396@company.com,D003,PARTTIME,7000000.00
E0397,1,Lisa Anderson,lisa.anderson397@company.com,D005,FULLTIME,50000000.00
E0398,1,Linda Johnson,linda.johnson398@company.com,D007,FULLTIME,50000000.00
E0399,1,Michelle Perez,michelle.perez399@company.com,D003,PARTTIME,7000000.00
E0400,1,Matthew Miller,matthew.miller400@company.com,D005,FULLTIME,50000000.00
E0401,1,Anthony White,anthony.white401@company.com,D005,FULLTIME,20000000.00
E0402,1,Donna Hernandez,donna.hernandez402@company.com,D005,FULLTIME,30000000.00
E0403,1,Matthew Davis,matthew.davis403@company.com,D009,PARTTIME,6000000.00
E0404,1,Richard Young,richard.young404@company.com,D004,FULLTIME,10000000.00
E0405,1,Mark Moore,mark.moore405@company.com,D001,PARTTIME,6000000.00
E0406,1,Karen Hernandez,karen.hernandez406@company.com,D001,PARTTIME,8000000.00
E0407,1,Mary Lee,mary.lee407@company.com,D010,PARTTIME,7000000.00
E0408,1,Betty Taylor,betty.taylor408@company.com,D005,FULLTIME,30000000.00
E0409,1,James Williams,james.williams409@company.com,D002,FULLTIME,20000000.00
E0410,1,Nancy Garcia,nancy.garcia410@company.com,D006,PARTTIME,7000000.00
E0411,1,Mark Perez,mark.perez411@company.com,D001,FULLTIME,20000000.00
E0412,1,William Robinson,william.robinson412@company.com,D005,FULLTIME,40000000.00
E0413,1,Nancy Lee,nancy.lee413@company.com,D003,PARTTIME,6000000.00
E0414,1,Matthew Martinez,matthew.martinez414@company.com,D001,PARTTIME,6000000.00
E0415,1,Mary Garcia,mary.garcia415@company.com,D004,PARTTIME,6000000.00
E0416,1,William Clark,william.clark416@company.com,D010,FULLTIME,50000000.00
E0417,1,Emily Walker,emily.walker417@company.com,D007,PARTTIME,7000000.00
E0418,1,Margaret Anderson,margaret.anderson418@company.com,D001,PARTTIME,7000000.00
E0419,1,Betty Taylor,betty.taylor419@company.com,D005,PARTTIME,8000000.00
E0420,1,Michael Davis,michael.davis420@company.com,D005,FULLTIME,50000000.00
E0421,1,Susan Taylor,susan.taylor421@company.com,D001,PARTTIME,8000000.00
E0422,1,Barbara Lee,barbara.lee422@company.com,D010,FULLTIME,40000000.00
E0423,1,Margaret Thomas,margaret.thomas423@company.com,D004,FULLTIME,10000000.00
E0424,1,Emily Young,emily.young424@company.com,D008,PARTTIME,6000000.00
E0425,1,John Williams,john.williams425@company.com,D002,PARTTIME,8000000.00
E0426,1,Margaret Hernandez,margaret.hernandez426@company.com,D005,PARTTIME,6000000.00
E0427,1,Andrew Thompson,andrew.thompson427@company.com,D005,PARTTIME,6000000.00
E0428,1,Kimberly Robinson,kimberly.robinson428@company.com,D003,PARTTIME,7000000.00
E0429,1,Robert Smith,robert.smith429@company.com,D004,FULLTIME,30000000.00
E0430,1,Elizabeth Wilson,elizabeth.wilson430@company.com,D005,PARTTIME,8000000.00
E0431,1,John Moore,john.moore431@company.com,D010,FULLTIME,30000000.00
E0432,1,Emily Smith,emily.smith432@company.com,D003,PARTTIME,7000000.00
E0433,1,Susan Sanchez,susan.sanchez433@company.com,D004,PARTTIME,6000000.00
E0434,1,Betty Williams,betty.williams434@company.com,D002,PARTTIME,6000000.00
E0435,1,Christopher Anderson,christopher.anderson435@company.com,D004,PARTTIME,8000000.00
E0436,1,James Williams,james.williams436@company.com,D003,FULLTIME,20000000.00
E0437,1,James Lewis,james.lewis437@company.com,D009,FULLTIME,50000000.00
E0438,1,Donna Wilson,donna.wilson438@company.com,D010,FULLTIME,20000000.00
E0439,1,Steven Jones,steven.jones439@company.com,D001,FULLTIME,50000000.00
E0440,1,Karen Garcia,karen.garcia440@company.com,D008,PARTTIME,8000000.00
E0441,1,James Rodriguez,james.rodriguez441@company.com,D001,PARTTIME,8000000.00
E0442,1,Susan Rodriguez,susan.rodriguez442@company.com,D008,FULLTIME,20000000.00
E0443,1,Charles Jones,charles.jones443@company.com,D003,FULLTIME,50000000.00
E0444,1,Anthony Jackson,anthony.jackson444@company.com,D002,FULLTIME,50000000.00
E0445,1,Emily Jackson,emily.jackson445@company.com,D006,FULLTIME,10000000.00
E0446,1,Richard Jackson,richard.jackson446@company.com,D006,PARTTIME,6000000.00
E0447,1,David Johnson,david.johnson447@company.com,D008,PARTTIME,8000000.00
E0448,1,Linda Jackson,linda.jackson448@company.com,D009,FULLTIME,20000000.00
E0449,1,James Taylor,james.taylor449@company.com,D009,FULLTIME,20000000.00
E0450,1,Joshua Walker,joshua.walker450@company.com,D001,PARTTIME,8000000.00
E0451,1,Charles Smith,charles.smith451@company.com,D003,PARTTIME,7000000.00
E0452,1,Barbara Smith,barbara.smith452@company.com,D010,FULLTIME,10000000.00
E0453,1,Emily Wilson,emily.wilson453@company.com,D008,FULLTIME,40000000.00
E0454,1,Joseph Martin,joseph.martin454@company.com,D005,FULLTIME,50000000.00
E0455,1,Lisa Walker,lisa.walker455@company.com,D005,FULLTIME,40000000.00
E0456,1,Karen Thompson,karen.thompson456@company.com,D004,PARTTIME,6000000.00
E0457,1,David Young,david.young457@company.com,D003,PARTTIME,7000000.00
E0458,1,Mark Clark,mark.clark458@company.com,D008,FULLTIME,50000000.00
E0459,1,David Miller,david.miller459@company.com,D004,PARTTIME,7000000.00
E0460,1,Christopher Wilson,christopher.wilson460@company.com,D010,PARTTIME,7000000.00
E0461,1,Mary Jackson,mary.jackson461@company.com,D002,PARTTIME,7000000.00
E0462,1,Mary Brown,mary.brown462@company.com,D003,PARTTIME,7000000.00
E0463,1,Michael Taylor,michael.taylor463@company.com,D001,FULLTIME,50000000.00
E0464,1,Sandra Anderson,sandra.anderson464@company.com,D006,FULLTIME,30000000.00
E0465,1,Mary Brown,mary.brown465@company.com,D002,FULLTIME,30000000.00
E0466,1,Mary Miller,mary.miller466@company.com,D005,PARTTIME,7000000.00
E0467,1,Nancy Martin,nancy.martin467@company.com,D006,FULLTIME,50000000.00
E0468,1,Donald Lewis,donald.lewis468@company.com,D008,PARTTIME,6000000.00
E0469,1,Donna Lewis,donna.lewis469@company.com,D010,PARTTIME,8000000.00
E0470,1,Sandra Brown,sandra.brown470@company.com,D001,FULLTIME,50000000.00
E0471,1,Daniel Taylor,daniel.taylor471@company.com,D006,FULLTIME,20000000.00
E0472,1,Richard Lewis,richard.lewis472@company.com,D002,FULLTIME,20000000.00
E0473,1,Joshua Smith,joshua.smith473@company.com,D006,FULLTIME,30000000.00
E0474,1,Jessica Young,jessica.young474@company.com,D007,PARTTIME,8000000.00
E0475,1,Lisa Davis,lisa.davis475@company.com,D007,FULLTIME,40000000.00
E0476,1,Matthew Davis,matthew.davis476@company.com,D007,PARTTIME,7000000.00
E0477,1,Lisa Martinez,lisa.martinez477@company.com,D009,FULLTIME,30000000.00
E0478,1,Richard Martinez,richard.martinez478@company.com,D006,PARTTIME,6000000.00
E0479,1,Jessica Moore,jessica.moore479@company.com,D008,FULLTIME,40000000.00
E0480,1,Charles Jones,charles.jones480@company.com,D005,FULLTIME,40000000.00
E0481,1,Joshua Anderson,joshua.anderson481@company.com,D006,PARTTIME,8000000.00
E0482,1,Susan Jones,susan.jones482@company.com,D008,FULLTIME,10000000.00
E0483,1,Lisa Garcia,lisa.garcia483@company.com,D005,FULLTIME,10000000.00
E0484,1,Christopher Brown,christopher.brown484@company.com,D003,FULLTIME,30000000.00
E0485,1,Lisa Davis,lisa.davis485@company.com,D007,FULLTIME,30000000.00
E0486,1,William Ramirez,william.ramirez486@company.com,D006,FULLTIME,20000000.00
E0487,1,Jennifer Taylor,jennifer.taylor487@company.com,D005,FULLTIME,20000000.00
E0488,1,Joseph Brown,joseph.brown488@company.com,D007,PARTTIME,6000000.00
E0489,1,Linda Garcia,linda.garcia489@company.com,D007,FULLTIME,30000000.00
E0490,1,Charles Robinson,charles.robinson490@company.com,D010,FULLTIME,40000000.00
E0491,1,Joshua Ramirez,joshua.ramirez491@company.com,D010,FULLTIME,10000000.00
E0492,1,Susan Lee,susan.lee492@company.com,D004,FULLTIME,50000000.00
E0493,1,Donald Thomas,donald.thomas493@company.com,D010,FULLTIME,20000000.00
E0494,1,John White,john.white494@company.com,D004,PARTTIME,7000000.00
E0495,1,Ashley Hernandez,ashley.hernandez495@company.com,D007,PARTTIME,6000000.00
E0496,1,Michael Davis,michael.davis496@company.com,D007,FULLTIME,50000000.00
E0497,1,Ashley Moore,ashley.moore497@company.com,D003,FULLTIME,20000000.00
E0498,1,Matthew Moore,matthew.moore498@company.com,D008,PARTTIME,7000000.00
E0499,1,Jessica Smith,jessica.smith499@company.com,D008,PARTTIME,7000000.00
E0500,1,Karen Moore,karen.moore500@company.com,D009,FULLTIME,20000000.00
E0501,1,Sarah Taylor,sarah.taylor501@company.com,D002,FULLTIME,30000000.00
E0502,1,Kimberly Harris,kimberly.harris502@company.com,D010,PARTTIME,7000000.00
E0503,1,Donald Lewis,donald.lewis503@company.com,D001,FULLTIME,20000000.00
E0504,1,James Smith,james.smith504@company.com,D005,FULLTIME,40000000.00
E0505,1,Barbara Jones,barbara.jones505@company.com,D008,FULLTIME,10000000.00
E0506,1,Linda Davis,linda.davis506@company.com,D008,PARTTIME,8000000.00
E0507,1,Thomas Jackson,thomas.jackson507@company.com,D001,PARTTIME,6000000.00
E0508,1,Margaret Jones,margaret.jones508@company.com,D002,FULLTIME,50000000.00
E0509,1,David Smith,david.smith509@company.com,D008,FULLTIME,50000000.00
E0510,1,Daniel Perez,daniel.perez510@company.com,D001,FULLTIME,50000000.00
E0511,1,Paul Rodriguez,paul.rodriguez511@company.com,D008,PARTTIME,8000000.00
E0512,1,Matthew Garcia,matthew.garcia512@company.com,D005,PARTTIME,7000000.00
E0513,1,John Garcia,john.garcia513@company.com,D003,FULLTIME,20000000.00
E0514,1,Susan Anderson,susan.anderson514@company.com,D007,PARTTIME,6000000.00
E0515,1,Michael Thompson,michael.thompson515@company.com,D006,FULLTIME,50000000.00
E0516,1,Lisa Young,lisa.young516@company.com,D008,FULLTIME,50000000.00
E0517,1,Nancy Lewis,nancy.lewis517@company.com,D002,FULLTIME,50000000.00
E0518,1,Patricia Hernandez,patricia.hernandez518@company.com,D004,PARTTIME,7000000.00
E0519,1,Paul Williams,paul.williams519@company.com,D003,PARTTIME,7000000.00
E0520,1,Donna Smith,donna.smith520@company.com,D009,PARTTIME,6000000.00
E0521,1,John Taylor,john.taylor521@company.com,D005,FULLTIME,20000000.00
E0522,1,John Lewis,john.lewis522@company.com,D010,PARTTIME,6000000.00
E0523,1,Donald Walker,donald.walker523@company.com,D005,PARTTIME,6000000.00
E0524,1,Thomas Sanchez,thomas.sanchez524@company.com,D006,FULLTIME,10000000.00
E0525,1,James Hernandez,james.hernandez525@company.com,D006,FULLTIME,30000000.00
E0526,1,Jennifer Brown,jennifer.brown526@company.com,D003,FULLTIME,30000000.00
E0527,1,Charles Lee,charles.lee527@company.com,D005,FULLTIME,10000000.00
E0528,1,Elizabeth Perez,elizabeth.perez528@company.com,D010,PARTTIME,7000000.00
E0529,1,Donna Anderson,donna.anderson529@company.com,D004,FULLTIME,10000000.00
E0530,1,Charles White,charles.white530@company.com,D010,PARTTIME,6000000.00
E0531,1,Joshua Johnson,joshua.johnson531@company.com,D006,FULLTIME,30000000.00
E0532,1,Barbara Harris,barbara.harris532@company.com,D006,PARTTIME,8000000.00
E0533,1,Jessica Perez,jessica.perez533@company.com,D009,PARTTIME,7000000.00
E0534,1,Karen Lee,karen.lee534@company.com,D007,PARTTIME,7000000.00
E0535,1,Andrew Lewis,andrew.lewis535@company.com,D009,PARTTIME,6000000.00
E0536,1,Karen Robinson,karen.robinson536@company.com,D002,PARTTIME,7000000.00
E0537,1,Margaret Young,margaret.young537@company.com,D007,FULLTIME,50000000.00
E0538,1,William Lee,william.lee538@company.com,D001,FULLTIME,10000000.00
E0539,1,Linda Moore,linda.moore539@company.com,D009,PARTTIME,8000000.00
E0540,1,Michael Hernandez,michael.hernandez540@company.com,D003,FULLTIME,30000000.00
E0541,1,Elizabeth Jones,elizabeth.jones541@company.com,D006,PARTTIME,8000000.00
E0542,1,Christopher Moore,christopher.moore542@company.com,D009,PARTTIME,7000000.00
E0543,1,Linda Smith,linda.smith543@company.com,D005,PARTTIME,8000000.00
E0544,1,Joshua Davis,joshua.davis544@company.com,D001,PARTTIME,7000000.00
E0545,1,Michelle Rodriguez,michelle.rodriguez545@company.com,D006,FULLTIME,40000000.00
E0546,1,Barbara Hernandez,barbara.hernandez546@company.com,D005,PARTTIME,6000000.00
E0547,1,Betty Young,betty.young547@company.com,D010,FULLTIME,10000000.00
E0548,1,Christopher Jackson,christopher.jackson548@company.com,D008,FULLTIME,50000000.00
E0549,1,Joshua Thomas,joshua.thomas549@company.com,D001,FULLTIME,30000000.00
E0550,1,Andrew Martin,andrew.martin550@company.com,D007,PARTTIME,6000000.00
E0551,1,Daniel Davis,daniel.davis551@company.com,D002,FULLTIME,20000000.00
E0552,1,Lisa Anderson,lisa.anderson552@company.com,D007,FULLTIME,30000000.00
E0553,1,David Hernandez,david.hernandez553@company.com,D005,PARTTIME,7000000.00
E0554,1,Linda Garcia,linda.garcia554@company.com,D007,PARTTIME,8000000.00
E0555,1,Robert Taylor,robert.taylor555@company.com,D006,FULLTIME,40000000.00
E0556,1,Matthew Harris,matthew.harris556@company.com,D006,PARTTIME,6000000.00
E0557,1,Christopher Martin,christopher.martin557@company.com,D002,FULLTIME,30000000.00
E0558,1,James Wilson,james.wilson558@company.com,D008,FULLTIME,40000000.00
E0559,1,Anthony Hernandez,anthony.hernandez559@company.com,D006,FULLTIME,40000000.00
E0560,1,Patricia Rodriguez,patricia.rodriguez560@company.com,D004,FULLTIME,40000000.00
E0561,1,Michelle Ramirez,michelle.ramirez561@company.com,D007,FULLTIME,20000000.00
E0562,1,Andrew Hernandez,andrew.hernandez562@company.com,D001,PARTTIME,7000000.00
E0563,1,Linda Anderson,linda.anderson563@company.com,D005,FULLTIME,30000000.00
E0564,1,Kimberly Robinson,kimberly.robinson564@company.com,D006,PARTTIME,6000000.00
E0565,1,Karen Davis,karen.davis565@company.com,D004,PARTTIME,6000000.00
E0566,1,Susan Wilson,susan.wilson566@company.com,D004,FULLTIME,10000000.00
E0567,1,Richard Lee,richard.lee567@company.com,D010,PARTTIME,8000000.00
E0568,1,John White,john.white568@company.com,D002,PARTTIME,7000000.00
E0569,1,Steven White,steven.white569@company.com,D003,FULLTIME,20000000.00
E0570,1,William Thomas,william.thomas570@company.com,D009,FULLTIME,20000000.00
E0571,1,John Johnson,john.johnson571@company.com,D005,FULLTIME,50000000.00
E0572,1,Jessica Clark,jessica.clark572@company.com,D001,PARTTIME,7000000.00
E0573,1,Donald Lewis,donald.lewis573@company.com,D006,PARTTIME,7000000.00
E0574,1,Robert Wilson,robert.wilson574@company.com,D007,PARTTIME,8000000.00
E0575,1,Ashley Williams,ashley.williams575@company.com,D005,FULLTIME,50000000.00
E0576,1,Nancy Wilson,nancy.wilson576@company.com,D003,FULLTIME,20000000.00
E0577,1,Charles Clark,charles.clark577@company.com,D007,PARTTIME,6000000.00
E0578,1,David Rodriguez,david.rodriguez578@company.com,D001,FULLTIME,40000000.00
E0579,1,Kimberly Brown,kimberly.brown579@company.com,D009,FULLTIME,30000000.00
E0580,1,Barbara Taylor,barbara.taylor580@company.com,D008,PARTTIME,8000000.00
E0581,1,Andrew Jones,andrew.jones581@company.com,D004,PARTTIME,7000000.00
E0582,1,Matthew White,matthew.white582@company.com,D005,PARTTIME,6000000.00
E0583,1,James Anderson,james.anderson583@company.com,D009,FULLTIME,10000000.00
E0584,1,Anthony Lee,anthony.lee584@company.com,D002,FULLTIME,30000000.00
E0585,1,Donna Clark,donna.clark585@company.com,D004,FULLTIME,10000000.00
E0586,1,John Hernandez,john.hernandez586@company.com,D001,PARTTIME,6000000.00
E0587,1,Margaret Jones,margaret.jones587@company.com,D004,PARTTIME,6000000.00
E0588,1,John Perez,john.perez588@company.com,D010,PARTTIME,7000000.00
E0589,1,Andrew Smith,andrew.smith589@company.com,D007,PARTTIME,6000000.00
E0590,1,Margaret Garcia,margaret.garcia590@company.com,D010,FULLTIME,40000000.00
E0591,1,Barbara Robinson,barbara.robinson591@company.com,D006,PARTTIME,6000000.00
E0592,1,Richard Jackson,richard.jackson592@company.com,D006,PARTTIME,6000000.00
E0593,1,Steven Thompson,steven.thompson593@company.com,D002,PARTTIME,8000000.00
E0594,1,Linda Martin,linda.martin594@company.com,D005,FULLTIME,10000000.00
E0595,1,Mark Perez,mark.perez595@company.com,D007,PARTTIME,7000000.00
E0596,1,David Williams,david.williams596@company.com,D003,FULLTIME,20000000.00
E0597,1,Matthew Jackson,matthew.jackson597@company.com,D004,PARTTIME,8000000.00
E0598,1,Anthony Martin,anthony.martin598@company.com,D003,FULLTIME,10000000.00
E0599,1,Barbara Miller,barbara.miller599@company.com,D007,PARTTIME,7000000.00
E0600,1,Nancy Williams,nancy.williams600@company.com,D005,FULLTIME,10000000.00
E0601,1,Nancy Anderson,nancy.anderson601@company.com,D003,FULLTIME,50000000.00
E0602,1,Sandra Young,sandra.young602@company.com,D001,PARTTIME,6000000.00
E0603,1,Matthew Johnson,matthew.johnson603@company.com,D008,PARTTIME,7000000.00
E0604,1,Sandra Lee,sandra.lee604@company.com,D002,PARTTIME,7000000.00
E0605,1,Richard Thomas,richard.thomas605@company.com,D009,FULLTIME,50000000.00
E0606,1,James Wilson,james.wilson606@company.com,D001,PARTTIME,6000000.00
E0607,1,Linda Miller,linda.miller607@company.com,D005,FULLTIME,40000000.00
E0608,1,Kimberly Jones,kimberly.jones608@company.com,D010,FULLTIME,40000000.00
E0609,1,Nancy Harris,nancy.harris609@company.com,D005,PARTTIME,6000000.00
E0610,1,Michael Ramirez,michael.ramirez610@company.com,D001,PARTTIME,8000000.00
E0611,1,Christopher Clark,christopher.clark611@company.com,D010,FULLTIME,40000000.00
E0612,1,Nancy Garcia,nancy.garcia612@company.com,D002,FULLTIME,10000000.00
E0613,1,Donald Harris,donald.harris613@company.com,D004,PARTTIME,8000000.00
E0614,1,Kimberly Anderson,kimberly.anderson614@company.com,D005,FULLTIME,20000000.00
E0615,1,Kimberly Davis,kimberly.davis615@company.com,D005,FULLTIME,50000000.00
E0616,1,Mary Robinson,mary.robinson616@company.com,D007,FULLTIME,10000000.00
E0617,1,Donald Rodriguez,donald.rodriguez617@company.com,D004,PARTTIME,7000000.00
E0618,1,Betty Harris,betty.harris618@company.com,D003,PARTTIME,6000000.00
E0619,1,Margaret Lee,margaret.lee619@company.com,D007,FULLTIME,50000000.00
E0620,1,David Ramirez,david.ramirez620@company.com,D006,PARTTIME,6000000.00
E0621,1,Joshua Miller,joshua.miller621@company.com,D008,FULLTIME,10000000.00
E0622,1,Sarah Ramirez,sarah.ramirez622@company.com,D006,FULLTIME,40000000.00
E0623,1,Anthony Smith,anthony.smith623@company.com,D003,PARTTIME,7000000.00
E0624,1,Thomas Clark,thomas.clark624@company.com,D003,PARTTIME,8000000.00
E0625,1,Susan Jones,susan.jones625@company.com,D002,PARTTIME,6000000.00
E0626,1,Donald Thomas,donald.thomas626@company.com,D010,PARTTIME,6000000.00
E0627,1,Sandra Garcia,sandra.garcia627@company.com,D002,FULLTIME,10000000.00
E0628,1,John Martinez,john.martinez628@company.com,D009,PARTTIME,7000000.00
E0629,1,Christopher Moore,christopher.moore629@company.com,D007,PARTTIME,7000000.00
E0630,1,James Martinez,james.martinez630@company.com,D001,PARTTIME,8000000.00
E0631,1,Richard Lewis,richard.lewis631@company.com,D002,PARTTIME,7000000.00
E0632,1,William Martin,william.martin632@company.com,D004,PARTTIME,8000000.00
E0633,1,Michelle Martin,michelle.martin633@company.com,D009,PARTTIME,7000000.00
E0634,1,Nancy Walker,nancy.walker634@company.com,D007,PARTTIME,7000000.00
E0635,1,Joshua Garcia,joshua.garcia635@company.com,D004,FULLTIME,40000000.00
E0636,1,Jessica Ramirez,jessica.ramirez636@company.com,D010,FULLTIME,40000000.00
E0637,1,Daniel Harris,daniel.harris637@company.com,D007,PARTTIME,6000000.00
E0638,1,Jennifer Miller,jennifer.miller638@company.com,D003,FULLTIME,40000000.00
E0639,1,Mary Garcia,mary.garcia639@company.com,D004,FULLTIME,40000000.00
E0640,1,Matthew Williams,matthew.williams640@company.com,D004,PARTTIME,6000000.00
E0641,1,Sarah Walker,sarah.walker641@company.com,D010,PARTTIME,7000000.00
E0642,1,Mark Martinez,mark.martinez642@company.com,D004,FULLTIME,20000000.00
E0643,1,Mark Harris,mark.harris643@company.com,D001,PARTTIME,6000000.00
E0644,1,Sandra Jackson,sandra.jackson644@company.com,D005,PARTTIME,7000000.00
E0645,1,Linda Garcia,linda.garcia645@company.com,D001,PARTTIME,7000000.00
E0646,1,Robert Johnson,robert.johnson646@company.com,D007,FULLTIME,20000000.00
E0647,1,Elizabeth Miller,elizabeth.miller647@company.com,D007,FULLTIME,50000000.00
E0648,1,Margaret Martinez,margaret.martinez648@company.com,D009,FULLTIME,50000000.00
E0649,1,Kimberly Harris,kimberly.harris649@company.com,D007,PARTTIME,6000000.00
E0650,1,Patricia Williams,patricia.williams650@company.com,D004,PARTTIME,6000000.00
E0651,1,Ashley Martinez,ashley.martinez651@company.com,D002,FULLTIME,30000000.00
E0652,1,Barbara White,barbara.white652@company.com,D010,PARTTIME,6000000.00
E0653,1,Christopher Miller,christopher.miller653@company.com,D003,FULLTIME,10000000.00
E0654,1,James Clark,james.clark654@company.com,D009,FULLTIME,40000000.00
E0655,1,John Jones,john.jones655@company.com,D004,PARTTIME,7000000.00
E0656,1,Kimberly Hernandez,kimberly.hernandez656@company.com,D006,PARTTIME,8000000.00
E0657,1,Linda Thompson,linda.thompson657@company.com,D007,FULLTIME,20000000.00
E0658,1,Michael Martin,michael.martin658@company.com,D007,FULLTIME,40000000.00
E0659,1,Betty Perez,betty.perez659@company.com,D006,FULLTIME,20000000.00
E0660,1,Christopher Davis,christopher.davis660@company.com,D006,FULLTIME,10000000.00
E0661,1,Paul Wilson,paul.wilson661@company.com,D005,FULLTIME,50000000.00
E0662,1,Linda Harris,linda.harris662@company.com,D007,FULLTIME,50000000.00
E0663,1,Karen Hernandez,karen.hernandez663@company.com,D010,FULLTIME,20000000.00
E0664,1,William Wilson,william.wilson664@company.com,D009,PARTTIME,8000000.00
E0665,1,Barbara Martinez,barbara.martinez665@company.com,D002,PARTTIME,7000000.00
E0666,1,James Harris,james.harris666@company.com,D006,FULLTIME,30000000.00
E0667,1,David Hernandez,david.hernandez667@company.com,D006,PARTTIME,8000000.00
E0668,1,Donald Martinez,donald.martinez668@company.com,D008,PARTTIME,7000000.00
E0669,1,Donald Hernandez,donald.hernandez669@company.com,D006,FULLTIME,20000000.00
E0670,1,Michelle Rodriguez,michelle.rodriguez670@company.com,D004,FULLTIME,20000000.00
E0671,1,Lisa Robinson,lisa.robinson671@company.com,D005,FULLTIME,50000000.00
E0672,1,Donald Jones,donald.jones672@company.com,D003,PARTTIME,7000000.00
E0673,1,Robert Sanchez,robert.sanchez673@company.com,D002,FULLTIME,10000000.00
E0674,1,Elizabeth Harris,elizabeth.harris674@company.com,D003,PARTTIME,7000000.00
E0675,1,Lisa Smith,lisa.smith675@company.com,D007,PARTTIME,7000000.00
E0676,1,Andrew Brown,andrew.brown676@company.com,D007,PARTTIME,8000000.00
E0677,1,Nancy Clark,nancy.clark677@company.com,D008,PARTTIME,8000000.00
E0678,1,Lisa Perez,lisa.perez678@company.com,D004,PARTTIME,7000000.00
E0679,1,Mark Anderson,mark.anderson679@company.com,D005,PARTTIME,6000000.00
E0680,1,David Robinson,david.robinson680@company.com,D005,FULLTIME,30000000.00
E0681,1,Karen Harris,karen.harris681@company.com,D010,FULLTIME,10000000.00
E0682,1,Patricia Williams,patricia.williams682@company.com,D010,FULLTIME,50000000.00
E0683,1,Betty Garcia,betty.garcia683@company.com,D007,PARTTIME,6000000.00
E0684,1,Charles Jones,charles.jones684@company.com,D008,FULLTIME,20000000.00
E0685,1,Mark Brown,mark.brown685@company.com,D003,PARTTIME,6000000.00
E0686,1,Joseph Walker,joseph.walker686@company.com,D009,PARTTIME,8000000.00
E0687,1,Michelle Walker,michelle.walker687@company.com,D009,FULLTIME,10000000.00
E0688,1,Jennifer Rodriguez,jennifer.rodriguez688@company.com,D008,FULLTIME,30000000.00
E0689,1,Kimberly Hernandez,kimberly.hernandez689@company.com,D006,FULLTIME,20000000.00
E0690,1,Lisa Rodriguez,lisa.rodriguez690@company.com,D005,FULLTIME,30000000.00
E0691,1,Barbara Clark,barbara.clark691@company.com,D004,FULLTIME,30000000.00
E0692,1,Margaret Garcia,margaret.garcia692@company.com,D002,PARTTIME,7000000.00
E0693,1,Donald Walker,donald.walker693@company.com,D001,PARTTIME,8000000.00
E0694,1,Karen Anderson,karen.anderson694@company.com,D003,FULLTIME,30000000.00
E0695,1,Margaret Perez,margaret.perez695@company.com,D002,FULLTIME,40000000.00
E0696,1,Patricia Moore,patricia.moore696@company.com,D002,FULLTIME,10000000.00
E0697,1,James Brown,james.brown697@company.com,D004,PARTTIME,8000000.00
E0698,1,Mary Miller,mary.miller698@company.com,D005,PARTTIME,8000000.00
E0699,1,Joshua Rodriguez,joshua.rodriguez699@company.com,D006,FULLTIME,40000000.00
E0700,1,Joshua Smith,joshua.smith700@company.com,D002,PARTTIME,6000000.00
E0701,1,Anthony Lee,anthony.lee701@company.com,D003,PARTTIME,8000000.00
E0702,1,Charles Walker,charles.walker702@company.com,D004,FULLTIME,40000000.00
E0703,1,Mary Hernandez,mary.hernandez703@company.com,D001,PARTTIME,7000000.00
E0704,1,James Jones,james.jones704@company.com,D008,PARTTIME,8000000.00
E0705,1,Lisa Martinez,lisa.martinez705@company.com,D002,PARTTIME,7000000.00
E0706,1,Mark Johnson,mark.johnson706@company.com,D010,PARTTIME,7000000.00
E0707,1,Susan Smith,susan.smith707@company.com,D006,PARTTIME,7000000.00
E0708,1,Michael Wilson,michael.wilson708@company.com,D005,PARTTIME,7000000.00
E0709,1,Susan Walker,susan.walker709@company.com,D008,PARTTIME,7000000.00
E0710,1,Matthew Johnson,matthew.johnson710@company.com,D002,FULLTIME,40000000.00
E0711,1,Jessica Lee,jessica.lee711@company.com,D006,FULLTIME,20000000.00
E0712,1,Richard Jones,richard.jones712@company.com,D008,PARTTIME,8000000.00
E0713,1,William White,william.white713@company.com,D003,FULLTIME,30000000.00
E0714,1,Daniel Smith,daniel.smith714@company.com,D004,PARTTIME,7000000.00
E0715,1,Jennifer Anderson,jennifer.anderson715@company.com,D005,FULLTIME,50000000.00
E0716,1,Anthony Clark,anthony.clark716@company.com,D001,FULLTIME,50000000.00
E0717,1,Matthew Smith,matthew.smith717@company.com,D001,FULLTIME,30000000.00
E0718,1,Ashley Ramirez,ashley.ramirez718@company.com,D002,FULLTIME,30000000.00
E0719,1,Donna Clark,donna.clark719@company.com,D006,PARTTIME,6000000.00
E0720,1,Jessica Williams,jessica.williams720@company.com,D008,FULLTIME,10000000.00
E0721,1,Thomas Lee,thomas.lee721@company.com,D010,FULLTIME,30000000.00
E0722,1,James Garcia,james.garcia722@company.com,D007,PARTTIME,8000000.00
E0723,1,Donna Davis,donna.davis723@company.com,D010,FULLTIME,30000000.00
E0724,1,Thomas Walker,thomas.walker724@company.com,D001,FULLTIME,40000000.00
E0725,1,Richard Sanchez,richard.sanchez725@company.com,D008,PARTTIME,8000000.00
E0726,1,William Lewis,william.lewis726@company.com,D001,FULLTIME,30000000.00
E0727,1,Jennifer Lewis,jennifer.lewis727@company.com,D007,PARTTIME,6000000.00
E0728,1,Lisa Sanchez,lisa.sanchez728@company.com,D003,FULLTIME,10000000.00
E0729,1,Sarah Lewis,sarah.lewis729@company.com,D005,PARTTIME,6000000.00
E0730,1,Joshua Lee,joshua.lee730@company.com,D001,PARTTIME,6000000.00
E0731,1,Nancy Anderson,nancy.anderson731@company.com,D009,FULLTIME,50000000.00
E0732,1,William Martin,william.martin732@company.com,D001,FULLTIME,10000000.00
E0733,1,Mark Martin,mark.martin733@company.com,D007,FULLTIME,50000000.00
E0734,1,Anthony Johnson,anthony.johnson734@company.com,D009,PARTTIME,8000000.00
E0735,1,Michelle Martinez,michelle.martinez735@company.com,D009,PARTTIME,6000000.00
E0736,1,Barbara Garcia,barbara.garcia736@company.com,D002,FULLTIME,20000000.00
E0737,1,Steven Smith,steven.smith737@company.com,D001,FULLTIME,40000000.00
E0738,1,Michael Sanchez,michael.sanchez738@company.com,D001,FULLTIME,10000000.00
E0739,1,Joshua Walker,joshua.walker739@company.com,D002,FULLTIME,20000000.00
E0740,1,Christopher Jones,christopher.jones740@company.com,D005,FULLTIME,40000000.00
E0741,1,Steven Taylor,steven.taylor741@company.com,D007,PARTTIME,8000000.00
E0742,1,Steven Williams,steven.williams742@company.com,D001,PARTTIME,8000000.00
E0743,1,Linda Garcia,linda.garcia743@company.com,D006,FULLTIME,20000000.00
E0744,1,Ashley Anderson,ashley.anderson744@company.com,D002,PARTTIME,7000000.00
E0745,1,Patricia Robinson,patricia.robinson745@company.com,D009,FULLTIME,50000000.00
E0746,1,Elizabeth White,elizabeth.white746@company.com,D003,PARTTIME,6000000.00
E0747,1,Thomas White,thomas.white747@company.com,D004,PARTTIME,8000000.00
E0748,1,Linda Taylor,linda.taylor748@company.com,D003,FULLTIME,10000000.00
E0749,1,Joseph Brown,joseph.brown749@company.com,D003,PARTTIME,6000000.00
E0750,1,Elizabeth Sanchez,elizabeth.sanchez750@company.com,D002,FULLTIME,20000000.00
E0751,1,Betty Brown,betty.brown751@company.com,D004,PARTTIME,6000000.00
E0752,1,Sandra Sanchez,sandra.sanchez752@company.com,D008,PARTTIME,7000000.00
E0753,1,Karen Ramirez,karen.ramirez753@company.com,D005,PARTTIME,8000000.00
E0754,1,Paul Ramirez,paul.ramirez754@company.com,D001,PARTTIME,8000000.00
E0755,1,Karen Johnson,karen.johnson755@company.com,D007,FULLTIME,50000000.00
E0756,1,Sandra Hernandez,sandra.hernandez756@company.com,D002,FULLTIME,50000000.00
E0757,1,Steven Davis,steven.davis757@company.com,D009,FULLTIME,30000000.00
E0758,1,Lisa Robinson,lisa.robinson758@company.com,D005,FULLTIME,10000000.00
E0759,1,Ashley Hernandez,ashley.hernandez759@company.com,D008,FULLTIME,10000000.00
E0760,1,Karen Hernandez,karen.hernandez760@company.com,D004,PARTTIME,7000000.00
E0761,1,Emily Young,emily.young761@company.com,D006,PARTTIME,6000000.00
E0762,1,Andrew Davis,andrew.davis762@company.com,D008,FULLTIME,20000000.00
E0763,1,Sarah Smith,sarah.smith763@company.com,D003,FULLTIME,30000000.00
E0764,1,Emily Perez,emily.perez764@company.com,D005,FULLTIME,40000000.00
E0765,1,Anthony Young,anthony.young765@company.com,D005,PARTTIME,8000000.00
E0766,1,Sandra Martinez,sandra.martinez766@company.com,D002,PARTTIME,6000000.00
E0767,1,Donna Lewis,donna.lewis767@company.com,D004,FULLTIME,20000000.00
E0768,1,Paul Moore,paul.moore768@company.com,D009,PARTTIME,7000000.00
E0769,1,Matthew Thomas,matthew.thomas769@company.com,D003,PARTTIME,8000000.00
E0770,1,Mary Sanchez,mary.sanchez770@company.com,D005,FULLTIME,30000000.00
E0771,1,Jennifer Davis,jennifer.davis771@company.com,D007,PARTTIME,8000000.00
E0772,1,Andrew Brown,andrew.brown772@company.com,D008,FULLTIME,50000000.00
E0773,1,John Wilson,john.wilson773@company.com,D009,PARTTIME,8000000.00
E0774,1,Karen Hernandez,karen.hernandez774@company.com,D006,PARTTIME,8000000.00
E0775,1,William Thomas,william.thomas775@company.com,D004,FULLTIME,30000000.00
E0776,1,Thomas Lee,thomas.lee776@company.com,D010,PARTTIME,7000000.00
E0777,1,Mary Brown,mary.brown777@company.com,D009,FULLTIME,30000000.00
E0778,1,Charles Rodriguez,charles.rodriguez778@company.com,D001,PARTTIME,6000000.00
E0779,1,Donna Miller,donna.miller779@company.com,D009,PARTTIME,8000000.00
E0780,1,Steven Thomas,steven.thomas780@company.com,D002,PARTTIME,7000000.00
E0781,1,Steven Miller,steven.miller781@company.com,D001,PARTTIME,6000000.00
E0782,1,Charles Garcia,charles.garcia782@company.com,D006,FULLTIME,20000000.00
E0783,1,Michael Robinson,michael.robinson783@company.com,D001,PARTTIME,6000000.00
E0784,1,Daniel Wilson,daniel.wilson784@company.com,D005,PARTTIME,7000000.00
E0785,1,Lisa Brown,lisa.brown785@company.com,D001,FULLTIME,40000000.00
E0786,1,William Garcia,william.garcia786@company.com,D004,PARTTIME,6000000.00
E0787,1,Matthew Taylor,matthew.taylor787@company.com,D007,FULLTIME,20000000.00
E0788,1,William Jones,william.jones788@company.com,D003,FULLTIME,20000000.00
E0789,1,Michael Smith,michael.smith789@company.com,D004,PARTTIME,6000000.00
E0790,1,Joshua Anderson,joshua.anderson790@company.com,D005,FULLTIME,30000000.00
E0791,1,Elizabeth Robinson,elizabeth.robinson791@company.com,D010,FULLTIME,40000000.00
E0792,1,Nancy Jones,nancy.jones792@company.com,D006,PARTTIME,6000000.00
E0793,1,John Lee,john.lee793@company.com,D004,PARTTIME,7000000.00
E0794,1,Donald Wilson,donald.wilson794@company.com,D007,FULLTIME,20000000.00
E0795,1,William Moore,william.moore795@company.com,D001,PARTTIME,6000000.00
E0796,1,Kimberly Walker,kimberly.walker796@company.com,D008,PARTTIME,8000000.00
E0797,1,Ashley Ramirez,ashley.ramirez797@company.com,D009,PARTTIME,7000000.00
E0798,1,Linda Taylor,linda.taylor798@company.com,D005,FULLTIME,50000000.00
E0799,1,Joseph Moore,joseph.moore799@company.com,D001,PARTTIME,8000000.00
E0800,1,Mary Rodriguez,mary.rodriguez800@company.com,D001,PARTTIME,8000000.00
E0801,1,Charles Smith,charles.smith801@company.com,D002,FULLTIME,10000000.00
E0802,1,David Lee,david.lee802@company.com,D006,FULLTIME,40000000.00
E0803,1,Joseph Martinez,joseph.martinez803@company.com,D001,FULLTIME,50000000.00
E0804,1,Nancy Brown,nancy.brown804@company.com,D001,PARTTIME,7000000.00
E0805,1,Linda Lewis,linda.lewis805@company.com,D001,FULLTIME,20000000.00
E0806,1,Robert Moore,robert.moore806@company.com,D001,PARTTIME,8000000.00
E0807,1,Nancy Robinson,nancy.robinson807@company.com,D006,FULLTIME,40000000.00
E0808,1,Linda Hernandez,linda.hernandez808@company.com,D007,PARTTIME,6000000.00
E0809,1,Lisa Martin,lisa.martin809@company.com,D001,PARTTIME,6000000.00
E0810,1,Andrew Clark,andrew.clark810@company.com,D001,FULLTIME,30000000.00
E0811,1,John Jackson,john.jackson811@company.com,D002,FULLTIME,10000000.00
E0812,1,Joseph Rodriguez,joseph.rodriguez812@company.com,D008,FULLTIME,30000000.00
E0813,1,Andrew Sanchez,andrew.sanchez813@company.com,D002,PARTTIME,8000000.00
E0814,1,Mark Rodriguez,mark.rodriguez814@company.com,D008,PARTTIME,8000000.00
E0815,1,James Johnson,james.johnson815@company.com,D008,FULLTIME,40000000.00
E0816,1,John Martinez,john.martinez816@company.com,D002,PARTTIME,6000000.00
E0817,1,Emily Hernandez,emily.hernandez817@company.com,D004,FULLTIME,20000000.00
E0818,1,Jennifer Clark,jennifer.clark818@company.com,D003,FULLTIME,30000000.00
E0819,1,Paul Jackson,paul.jackson819@company.com,D010,FULLTIME,20000000.00
E0820,1,Patricia Wilson,patricia.wilson820@company.com,D008,PARTTIME,7000000.00
E0821,1,Anthony Williams,anthony.williams821@company.com,D009,PARTTIME,8000000.00
E0822,1,Jessica Clark,jessica.clark822@company.com,D008,FULLTIME,10000000.00
E0823,1,Charles Hernandez,charles.hernandez823@company.com,D004,FULLTIME,10000000.00
E0824,1,Nancy Hernandez,nancy.hernandez824@company.com,D007,FULLTIME,50000000.00
E0825,1,Sarah Johnson,sarah.johnson825@company.com,D009,FULLTIME,40000000.00
E0826,1,Sarah Davis,sarah.davis826@company.com,D008,PARTTIME,7000000.00
E0827,1,Elizabeth Clark,elizabeth.clark827@company.com,D008,FULLTIME,20000000.00
E0828,1,Nancy Jackson,nancy.jackson828@company.com,D010,PARTTIME,7000000.00
E0829,1,Joshua Walker,joshua.walker829@company.com,D001,FULLTIME,10000000.00
E0830,1,Nancy Sanchez,nancy.sanchez830@company.com,D010,PARTTIME,7000000.00
E0831,1,Joshua White,joshua.white831@company.com,D009,PARTTIME,6000000.00
E0832,1,Andrew Sanchez,andrew.sanchez832@company.com,D007,FULLTIME,50000000.00
E0833,1,Mary Ramirez,mary.ramirez833@company.com,D008,PARTTIME,8000000.00
E0834,1,Lisa Lee,lisa.lee834@company.com,D008,FULLTIME,50000000.00
E0835,1,Margaret Miller,margaret.miller835@company.com,D010,PARTTIME,8000000.00
E0836,1,Robert Hernandez,robert.hernandez836@company.com,D010,FULLTIME,20000000.00
E0837,1,Elizabeth Rodriguez,elizabeth.rodriguez837@company.com,D006,PARTTIME,6000000.00
E0838,1,Joshua White,joshua.white838@company.com,D006,PARTTIME,7000000.00
E0839,1,Anthony Lee,anthony.lee839@company.com,D001,PARTTIME,7000000.00
E0840,1,Thomas Jackson,thomas.jackson840@company.com,D007,FULLTIME,30000000.00
E0841,1,Karen Moore,karen.moore841@company.com,D003,PARTTIME,7000000.00
E0842,1,William Miller,william.miller842@company.com,D010,FULLTIME,30000000.00
E0843,1,Kimberly Miller,kimberly.miller843@company.com,D001,PARTTIME,8000000.00
E0844,1,Jennifer Ramirez,jennifer.ramirez844@company.com,D009,PARTTIME,6000000.00
E0845,1,Susan Johnson,susan.johnson845@company.com,D003,FULLTIME,30000000.00
E0846,1,Steven Jones,steven.jones846@company.com,D002,PARTTIME,7000000.00
E0847,1,Mark Davis,mark.davis847@company.com,D008,FULLTIME,30000000.00
E0848,1,Margaret Wilson,margaret.wilson848@company.com,D007,FULLTIME,30000000.00
E0849,1,Sarah Lee,sarah.lee849@company.com,D007,FULLTIME,30000000.00
E0850,1,Daniel Wilson,daniel.wilson850@company.com,D008,PARTTIME,6000000.00
E0851,1,Karen Martin,karen.martin851@company.com,D007,PARTTIME,7000000.00
E0852,1,Sarah Taylor,sarah.taylor852@company.com,D003,PARTTIME,8000000.00
E0853,1,Matthew Miller,matthew.miller853@company.com,D005,FULLTIME,30000000.00
E0854,1,Christopher Rodriguez,christopher.rodriguez854@company.com,D010,PARTTIME,8000000.00
E0855,1,Karen Martin,karen.martin855@company.com,D003,FULLTIME,50000000.00
E0856,1,Joshua Wilson,joshua.wilson856@company.com,D004,FULLTIME,50000000.00
E0857,1,Christopher Martinez,christopher.martinez857@company.com,D009,FULLTIME,30000000.00
E0858,1,Thomas Williams,thomas.williams858@company.com,D008,FULLTIME,40000000.00
E0859,1,Sandra Harris,sandra.harris859@company.com,D008,PARTTIME,6000000.00
E0860,1,Matthew Hernandez,matthew.hernandez860@company.com,D006,PARTTIME,7000000.00
E0861,1,Susan Davis,susan.davis861@company.com,D006,FULLTIME,50000000.00
E0862,1,Sandra Johnson,sandra.johnson862@company.com,D004,PARTTIME,7000000.00
E0863,1,Anthony Robinson,anthony.robinson863@company.com,D003,FULLTIME,40000000.00
E0864,1,Nancy Williams,nancy.williams864@company.com,D001,PARTTIME,6000000.00
E0865,1,Anthony Smith,anthony.smith865@company.com,D008,FULLTIME,50000000.00
E0866,1,Christopher Thomas,christopher.thomas866@company.com,D001,FULLTIME,50000000.00
E0867,1,Joshua Walker,joshua.walker867@company.com,D004,FULLTIME,10000000.00
E0868,1,Jennifer Thompson,jennifer.thompson868@company.com,D009,PARTTIME,8000000.00
E0869,1,David Perez,david.perez869@company.com,D001,PARTTIME,7000000.00
E0870,1,Elizabeth Taylor,elizabeth.taylor870@company.com,D009,PARTTIME,8000000.00
E0871,1,Michael Williams,michael.williams871@company.com,D002,PARTTIME,7000000.00
E0872,1,Matthew Hernandez,matthew.hernandez872@company.com,D007,FULLTIME,50000000.00
E0873,1,Mary Robinson,mary.robinson873@company.com,D009,FULLTIME,20000000.00
E0874,1,Karen Miller,karen.miller874@company.com,D001,PARTTIME,7000000.00
E0875,1,Michelle Young,michelle.young875@company.com,D008,PARTTIME,7000000.00
E0876,1,Paul Robinson,paul.robinson876@company.com,D002,PARTTIME,7000000.00
E0877,1,Joseph Smith,joseph.smith877@company.com,D002,PARTTIME,7000000.00
E0878,1,Robert Rodriguez,robert.rodriguez878@company.com,D009,FULLTIME,10000000.00
E0879,1,Robert Davis,robert.davis879@company.com,D004,FULLTIME,50000000.00
E0880,1,Paul Williams,paul.williams880@company.com,D001,FULLTIME,40000000.00
E0881,1,Charles Garcia,charles.garcia881@company.com,D004,FULLTIME,50000000.00
E0882,1,Susan Walker,susan.walker882@company.com,D002,FULLTIME,50000000.00
E0883,1,James Garcia,james.garcia883@company.com,D006,PARTTIME,8000000.00
E0884,1,Joshua Young,joshua.young884@company.com,D006,PARTTIME,8000000.00
E0885,1,Richard Thompson,richard.thompson885@company.com,D003,FULLTIME,10000000.00
E0886,1,Sarah Davis,sarah.davis886@company.com,D007,PARTTIME,8000000.00
E0887,1,Joseph Johnson,joseph.johnson887@company.com,D006,PARTTIME,6000000.00
E0888,1,Jessica Jackson,jessica.jackson888@company.com,D002,PARTTIME,8000000.00
E0889,1,Steven Johnson,steven.johnson889@company.com,D007,FULLTIME,40000000.00
E0890,1,Nancy Smith,nancy.smith890@company.com,D006,FULLTIME,50000000.00
E0891,1,James White,james.white891@company.com,D001,FULLTIME,30000000.00
E0892,1,Charles Thompson,charles.thompson892@company.com,D004,PARTTIME,7000000.00
E0893,1,Jessica Wilson,jessica.wilson893@company.com,D007,PARTTIME,6000000.00
E0894,1,Jessica White,jessica.white894@company.com,D001,PARTTIME,7000000.00
E0895,1,Donna Davis,donna.davis895@company.com,D002,PARTTIME,6000000.00
E0896,1,Michael Taylor,michael.taylor896@company.com,D007,PARTTIME,7000000.00
E0897,1,Steven Young,steven.young897@company.com,D001,FULLTIME,30000000.00
E0898,1,Lisa Martinez,lisa.martinez898@company.com,D001,PARTTIME,6000000.00
E0899,1,Robert Wilson,robert.wilson899@company.com,D009,FULLTIME,20000000.00
E0900,1,Joseph Williams,joseph.williams900@company.com,D005,FULLTIME,40000000.00
E0901,1,Andrew Rodriguez,andrew.rodriguez901@company.com,D008,FULLTIME,40000000.00
E0902,1,Betty Walker,betty.walker902@company.com,D008,FULLTIME,20000000.00
E0903,1,Joshua Clark,joshua.clark903@company.com,D006,FULLTIME,50000000.00
E0904,1,Lisa Garcia,lisa.garcia904@company.com,D001,FULLTIME,30000000.00
E0905,1,James Martinez,james.martinez905@company.com,D008,PARTTIME,6000000.00
E0906,1,Thomas Williams,thomas.williams906@company.com,D008,FULLTIME,40000000.00
E0907,1,Matthew Davis,matthew.davis907@company.com,D001,FULLTIME,30000000.00
E0908,1,Steven Walker,steven.walker908@company.com,D009,PARTTIME,7000000.00
E0909,1,Susan Anderson,susan.anderson909@company.com,D010,FULLTIME,20000000.00
E0910,1,Charles Walker,charles.walker910@company.com,D005,PARTTIME,6000000.00
E0911,1,Donald Davis,donald.davis911@company.com,D008,FULLTIME,10000000.00
E0912,1,Margaret Walker,margaret.walker912@company.com,D004,PARTTIME,6000000.00
E0913,1,Anthony Thomas,anthony.thomas913@company.com,D007,PARTTIME,6000000.00
E0914,1,Sarah Sanchez,sarah.sanchez914@company.com,D004,PARTTIME,8000000.00
E0915,1,Andrew Young,andrew.young915@company.com,D008,PARTTIME,6000000.00
E0916,1,Joshua Jackson,joshua.jackson916@company.com,D010,PARTTIME,6000000.00
E0917,1,Anthony Wilson,anthony.wilson917@company.com,D005,PARTTIME,7000000.00
E0918,1,Charles Walker,charles.walker918@company.com,D008,PARTTIME,6000000.00
E0919,1,Matthew Jones,matthew.jones919@company.com,D001,FULLTIME,50000000.00
E0920,1,Sarah Brown,sarah.brown920@company.com,D002,PARTTIME,8000000.00
E0921,1,Betty Miller,betty.miller921@company.com,D009,FULLTIME,30000000.00
E0922,1,Sandra Ramirez,sandra.ramirez922@company.com,D004,FULLTIME,50000000.00
E0923,1,Anthony Thomas,anthony.thomas923@company.com,D001,FULLTIME,50000000.00
E0924,1,Donald Williams,donald.williams924@company.com,D009,FULLTIME,40000000.00
E0925,1,Elizabeth Clark,elizabeth.clark925@company.com,D006,PARTTIME,7000000.00
E0926,1,Linda Thomas,linda.thomas926@company.com,D009,FULLTIME,50000000.00
E0927,1,Karen Jackson,karen.jackson927@company.com,D001,PARTTIME,6000000.00
E0928,1,Joshua Johnson,joshua.johnson928@company.com,D006,PARTTIME,6000000.00
E0929,1,Matthew Thomas,matthew.thomas929@company.com,D009,FULLTIME,40000000.00
E0930,1,Andrew Walker,andrew.walker930@company.com,D006,PARTTIME,8000000.00
E0931,1,Mark Lewis,mark.lewis931@company.com,D009,PARTTIME,8000000.00
E0932,1,Lisa Davis,lisa.davis932@company.com,D010,FULLTIME,10000000.00
E0933,1,Sandra Martinez,sandra.martinez933@company.com,D001,PARTTIME,6000000.00
E0934,1,Kimberly Davis,kimberly.davis934@company.com,D002,FULLTIME,50000000.00
E0935,1,Donald Sanchez,donald.sanchez935@company.com,D007,PARTTIME,7000000.00
E0936,1,Barbara Sanchez,barbara.sanchez936@company.com,D010,PARTTIME,7000000.00
E0937,1,Ashley Ramirez,ashley.ramirez937@company.com,D010,FULLTIME,30000000.00
E0938,1,Robert Thompson,robert.thompson938@company.com,D004,FULLTIME,10000000.00
E0939,1,James Sanchez,james.sanchez939@company.com,D004,FULLTIME,20000000.00
E0940,1,Richard White,richard.white940@company.com,D010,PARTTIME,6000000.00
E0941,1,Jennifer Moore,jennifer.moore941@company.com,D006,FULLTIME,40000000.00
E0942,1,Michelle Taylor,michelle.taylor942@company.com,D004,FULLTIME,20000000.00
E0943,1,Donald White,donald.white943@company.com,D006,FULLTIME,10000000.00
E0944,1,David Garcia,david.garcia944@company.com,D006,PARTTIME,6000000.00
E0945,1,Daniel Martin,daniel.martin945@company.com,D010,FULLTIME,30000000.00
E0946,1,Patricia Perez,patricia.perez946@company.com,D006,FULLTIME,10000000.00
E0947,1,Lisa Davis,lisa.davis947@company.com,D009,FULLTIME,30000000.00
E0948,1,Andrew Walker,andrew.walker948@company.com,D003,FULLTIME,40000000.00
E0949,1,Joshua Moore,joshua.moore949@company.com,D005,FULLTIME,20000000.00
E0950,1,Sandra Miller,sandra.miller950@company.com,D009,FULLTIME,30000000.00
E0951,1,Karen Hernandez,karen.hernandez951@company.com,D007,FULLTIME,50000000.00
E0952,1,Lisa Thomas,lisa.thomas952@company.com,D003,FULLTIME,40000000.00
E0953,1,John Walker,john.walker953@company.com,D003,FULLTIME,10000000.00
E0954,1,Elizabeth Clark,elizabeth.clark954@company.com,D008,PARTTIME,6000000.00
E0955,1,Richard Walker,richard.walker955@company.com,D008,FULLTIME,40000000.00
E0956,1,Karen Johnson,karen.johnson956@company.com,D001,FULLTIME,10000000.00
E0957,1,Patricia Wilson,patricia.wilson957@company.com,D003,FULLTIME,10000000.00
E0958,1,Barbara Moore,barbara.moore958@company.com,D004,PARTTIME,6000000.00
E0959,1,Kimberly Harris,kimberly.harris959@company.com,D007,FULLTIME,40000000.00
E0960,1,Mary Young,mary.young960@company.com,D002,FULLTIME,10000000.00
E0961,1,Jennifer Martin,jennifer.martin961@company.com,D002,PARTTIME,7000000.00
E0962,1,Andrew White,andrew.white962@company.com,D006,FULLTIME,50000000.00
E0963,1,Paul White,paul.white963@company.com,D007,PARTTIME,8000000.00
E0964,1,Andrew Taylor,andrew.taylor964@company.com,D010,FULLTIME,30000000.00
E0965,1,Charles Moore,charles.moore965@company.com,D007,PARTTIME,6000000.00
E0966,1,Karen Harris,karen.harris966@company.com,D006,FULLTIME,50000000.00
E0967,1,David Thomas,david.thomas967@company.com,D001,PARTTIME,6000000.00
E0968,1,Joshua Rodriguez,joshua.rodriguez968@company.com,D002,FULLTIME,40000000.00
E0969,1,William Lee,william.lee969@company.com,D007,FULLTIME,40000000.00
E0970,1,Betty Moore,betty.moore970@company.com,D002,PARTTIME,6000000.00
E0971,1,Charles Rodriguez,charles.rodriguez971@company.com,D001,PARTTIME,8000000.00
E0972,1,Paul Garcia,paul.garcia972@company.com,D005,PARTTIME,6000000.00
E0973,1,Anthony Anderson,anthony.anderson973@company.com,D010,PARTTIME,6000000.00
E0974,1,Thomas Moore,thomas.moore974@company.com,D007,FULLTIME,20000000.00
E0975,1,Daniel Clark,daniel.clark975@company.com,D001,FULLTIME,30000000.00
E0976,1,Margaret Wilson,margaret.wilson976@company.com,D004,PARTTIME,8000000.00
E0977,1,John Ramirez,john.ramirez977@company.com,D003,PARTTIME,7000000.00
E0978,1,Betty Sanchez,betty.sanchez978@company.com,D005,FULLTIME,20000000.00
E0979,1,Susan Walker,susan.walker979@company.com,D007,FULLTIME,40000000.00
E0980,1,Susan Johnson,susan.johnson980@company.com,D003,FULLTIME,40000000.00
E0981,1,Robert Martinez,robert.martinez981@company.com,D009,FULLTIME,20000000.00
E0982,1,Nancy Davis,nancy.davis982@company.com,D001,PARTTIME,6000000.00
E0983,1,Jennifer Martin,jennifer.martin983@company.com,D008,PARTTIME,7000000.00
E0984,1,William Ramirez,william.ramirez984@company.com,D005,FULLTIME,40000000.00
E0985,1,Jessica Taylor,jessica.taylor985@company.com,D004,PARTTIME,8000000.00
E0986,1,Thomas Rodriguez,thomas.rodriguez986@company.com,D002,FULLTIME,40000000.00
E0987,1,Richard Thomas,richard.thomas987@company.com,D004,PARTTIME,7000000.00
E0988,1,Emily Jackson,emily.jackson988@company.com,D006,PARTTIME,7000000.00
E0989,1,Daniel Johnson,daniel.johnson989@company.com,D003,PARTTIME,8000000.00
E0990,1,John Davis,john.davis990@company.com,D003,PARTTIME,6000000.00
E0991,1,Paul Walker,paul.walker991@company.com,D004,FULLTIME,30000000.00
E0992,1,Susan Martinez,susan.martinez992@company.com,D010,FULLTIME,50000000.00
E0993,1,Robert Moore,robert.moore993@company.com,D001,FULLTIME,40000000.00
E0994,1,Kimberly Taylor,kimberly.taylor994@company.com,D001,FULLTIME,40000000.00
E0995,1,Sarah Taylor,sarah.taylor995@company.com,D005,FULLTIME,50000000.00
E0996,1,Jessica Taylor,jessica.taylor996@company.com,D007,FULLTIME,30000000.00
E0997,1,Richard Harris,richard.harris997@company.com,D009,FULLTIME,40000000.00
E0998,1,Barbara Smith,barbara.smith998@company.com,D009,FULLTIME,40000000.00
E0999,1,Jessica Lewis,jessica.lewis999@company.com,D001,PARTTIME,7000000.00
E1000,1,Barbara Johnson,barbara.johnson1000@company.com,D009,FULLTIME,40000000.00
E1001,1,Michelle Sanchez,michelle.sanchez1001@company.com,D009,FULLTIME,10000000.00
E1002,1,Joshua Smith,joshua.smith1002@company.com,D010,FULLTIME,10000000.00
E1003,1,Emily Walker,emily.walker1003@company.com,D010,PARTTIME,6000000.00
E1004,1,Joshua Moore,joshua.moore1004@company.com,D010,FULLTIME,50000000.00
E1005,1,Elizabeth Anderson,elizabeth.anderson1005@company.com,D004,FULLTIME,50000000.00
E1006,1,Michelle Jackson,michelle.jackson1006@company.com,D004,PARTTIME,8000000.00
E1007,1,Mark Perez,mark.perez1007@company.com,D009,FULLTIME,50000000.00
E1008,1,Barbara Martinez,barbara.martinez1008@company.com,D001,PARTTIME,7000000.00
E1009,1,Kimberly Jones,kimberly.jones1009@company.com,D010,PARTTIME,7000000.00
E1010,1,Jessica Martinez,jessica.martinez1010@company.com,D006,PARTTIME,6000000.00
E1011,1,Betty Lee,betty.lee1011@company.com,D002,PARTTIME,6000000.00
E1012,1,Robert Martin,robert.martin1012@company.com,D008,PARTTIME,7000000.00
E1013,1,Mary Williams,mary.williams1013@company.com,D007,PARTTIME,6000000.00
E1014,1,Andrew Robinson,andrew.robinson1014@company.com,D004,PARTTIME,6000000.00
E1015,1,Anthony Rodriguez,anthony.rodriguez1015@company.com,D005,FULLTIME,40000000.00
E1016,1,Elizabeth Moore,elizabeth.moore1016@company.com,D005,PARTTIME,8000000.00
E1017,1,Margaret Ramirez,margaret.ramirez1017@company.com,D007,PARTTIME,6000000.00
E1018,1,William Wilson,william.wilson1018@company.com,D002,FULLTIME,40000000.00
E1019,1,Christopher Harris,christopher.harris1019@company.com,D009,PARTTIME,7000000.00
E1020,1,Emily Young,emily.young1020@company.com,D009,FULLTIME,20000000.00
E1021,1,Christopher Perez,christopher.perez1021@company.com,D005,FULLTIME,30000000.00
E1022,1,Charles Wilson,charles.wilson1022@company.com,D010,FULLTIME,50000000.00
E1023,1,Paul Harris,paul.harris1023@company.com,D003,FULLTIME,50000000.00
E1024,1,Lisa Rodriguez,lisa.rodriguez1024@company.com,D002,FULLTIME,10000000.00
E1025,1,William Taylor,william.taylor1025@company.com,D001,FULLTIME,10000000.00
E1026,1,Thomas Smith,thomas.smith1026@company.com,D005,FULLTIME,20000000.00
E1027,1,Ashley Rodriguez,ashley.rodriguez1027@company.com,D004,FULLTIME,10000000.00
E1028,1,Mark Jones,mark.jones1028@company.com,D001,FULLTIME,10000000.00
E1029,1,Nancy Robinson,nancy.robinson1029@company.com,D007,PARTTIME,8000000.00
E1030,1,Margaret Ramirez,margaret.ramirez1030@company.com,D002,FULLTIME,10000000.00
E1031,1,Matthew Perez,matthew.perez1031@company.com,D008,PARTTIME,6000000.00
E1032,1,Margaret Miller,margaret.miller1032@company.com,D006,PARTTIME,7000000.00
E1033,1,Betty Davis,betty.davis1033@company.com,D008,FULLTIME,40000000.00
E1034,1,Richard Johnson,richard.johnson1034@company.com,D009,FULLTIME,20000000.00
E1035,1,Ashley Lewis,ashley.lewis1035@company.com,D003,PARTTIME,8000000.00
E1036,1,Barbara Walker,barbara.walker1036@company.com,D004,FULLTIME,30000000.00
E1037,1,Charles Walker,charles.walker1037@company.com,D001,PARTTIME,6000000.00
E1038,1,Linda Wilson,linda.wilson1038@company.com,D009,PARTTIME,7000000.00
E1039,1,Andrew Thomas,andrew.thomas1039@company.com,D006,PARTTIME,8000000.00
E1040,1,Donald Lee,donald.lee1040@company.com,D009,FULLTIME,50000000.00
E1041,1,Thomas Anderson,thomas.anderson1041@company.com,D006,FULLTIME,40000000.00
E1042,1,James Martinez,james.martinez1042@company.com,D005,PARTTIME,8000000.00
E1043,1,Lisa Rodriguez,lisa.rodriguez1043@company.com,D005,PARTTIME,6000000.00
E1044,1,Joseph Taylor,joseph.taylor1044@company.com,D010,FULLTIME,30000000.00
E1045,1,Nancy Brown,nancy.brown1045@company.com,D009,PARTTIME,6000000.00
E1046,1,Andrew Taylor,andrew.taylor1046@company.com,D010,FULLTIME,20000000.00
E1047,1,Mark Ramirez,mark.ramirez1047@company.com,D004,PARTTIME,6000000.00
E1048,1,Donna Wilson,donna.wilson1048@company.com,D006,PARTTIME,6000000.00
E1049,1,Steven Brown,steven.brown1049@company.com,D008,PARTTIME,7000000.00
E1050,1,Michael Miller,michael.miller1050@company.com,D004,PARTTIME,6000000.00
E1051,1,Mary White,mary.white1051@company.com,D008,PARTTIME,6000000.00
E1052,1,Joseph Jones,joseph.jones1052@company.com,D010,FULLTIME,20000000.00
E1053,1,Mary Brown,mary.brown1053@company.com,D003,PARTTIME,7000000.00
E1054,1,Nancy Walker,nancy.walker1054@company.com,D001,PARTTIME,6000000.00
E1055,1,Jennifer Hernandez,jennifer.hernandez1055@company.com,D008,PARTTIME,7000000.00
E1056,1,Donna Moore,donna.moore1056@company.com,D007,PARTTIME,6000000.00
E1057,1,Daniel Thomas,daniel.thomas1057@company.com,D008,PARTTIME,8000000.00
E1058,1,Christopher Robinson,christopher.robinson1058@company.com,D008,FULLTIME,30000000.00
E1059,1,Joshua Martinez,joshua.martinez1059@company.com,D010,FULLTIME,40000000.00
E1060,1,Donna Anderson,donna.anderson1060@company.com,D008,PARTTIME,7000000.00
E1061,1,Joshua Lewis,joshua.lewis1061@company.com,D003,PARTTIME,8000000.00
E1062,1,Jennifer Young,jennifer.young1062@company.com,D002,PARTTIME,6000000.00
E1063,1,Mary Clark,mary.clark1063@company.com,D003,PARTTIME,7000000.00
E1064,1,Elizabeth Walker,elizabeth.walker1064@company.com,D003,PARTTIME,6000000.00
E1065,1,Sarah Lewis,sarah.lewis1065@company.com,D010,PARTTIME,7000000.00
E1066,1,Betty Ramirez,betty.ramirez1066@company.com,D005,PARTTIME,8000000.00
E1067,1,Paul Ramirez,paul.ramirez1067@company.com,D001,FULLTIME,10000000.00
E1068,1,Donald Rodriguez,donald.rodriguez1068@company.com,D003,FULLTIME,30000000.00
E1069,1,Daniel White,daniel.white1069@company.com,D010,PARTTIME,7000000.00
E1070,1,Charles Robinson,charles.robinson1070@company.com,D005,FULLTIME,30000000.00
E1071,1,Thomas Ramirez,thomas.ramirez1071@company.com,D004,PARTTIME,7000000.00
E1072,1,Andrew Wilson,andrew.wilson1072@company.com,D007,PARTTIME,8000000.00
E1073,1,Anthony Martinez,anthony.martinez1073@company.com,D001,PARTTIME,6000000.00
E1074,1,Steven Anderson,steven.anderson1074@company.com,D001,FULLTIME,40000000.00
E1075,1,Richard Taylor,richard.taylor1075@company.com,D002,PARTTIME,6000000.00
E1076,1,Ashley Miller,ashley.miller1076@company.com,D001,PARTTIME,8000000.00
E1077,1,Karen Jones,karen.jones1077@company.com,D004,FULLTIME,40000000.00
E1078,1,Mark White,mark.white1078@company.com,D010,FULLTIME,30000000.00
E1079,1,Mary Williams,mary.williams1079@company.com,D008,PARTTIME,8000000.00
E1080,1,Donald Anderson,donald.anderson1080@company.com,D003,PARTTIME,7000000.00
E1081,1,Sandra Miller,sandra.miller1081@company.com,D009,PARTTIME,7000000.00
E1082,1,Mark Martinez,mark.martinez1082@company.com,D010,PARTTIME,7000000.00
E1083,1,Joseph White,joseph.white1083@company.com,D004,FULLTIME,40000000.00
E1084,1,Betty Moore,betty.moore1084@company.com,D003,FULLTIME,20000000.00
E1085,1,Betty Clark,betty.clark1085@company.com,D006,FULLTIME,30000000.00
E1086,1,Donna Thomas,donna.thomas1086@company.com,D001,FULLTIME,20000000.00
E1087,1,Thomas Wilson,thomas.wilson1087@company.com,D008,FULLTIME,30000000.00
E1088,1,Anthony Anderson,anthony.anderson1088@company.com,D006,PARTTIME,6000000.00
E1089,1,John Robinson,john.robinson1089@company.com,D010,FULLTIME,50000000.00
E1090,1,Kimberly Lewis,kimberly.lewis1090@company.com,D004,FULLTIME,10000000.00
E1091,1,Barbara Anderson,barbara.anderson1091@company.com,D004,PARTTIME,7000000.00
E1092,1,Michael Perez,michael.perez1092@company.com,D005,PARTTIME,8000000.00
E1093,1,Margaret Johnson,margaret.johnson1093@company.com,D005,FULLTIME,20000000.00
E1094,1,Elizabeth Lewis,elizabeth.lewis1094@company.com,D004,FULLTIME,40000000.00
E1095,1,Elizabeth Brown,elizabeth.brown1095@company.com,D007,PARTTIME,7000000.00
E1096,1,Michelle Harris,michelle.harris1096@company.com,D004,FULLTIME,20000000.00
E1097,1,Christopher White,christopher.white1097@company.com,D008,PARTTIME,6000000.00
E1098,1,Mary Anderson,mary.anderson1098@company.com,D003,FULLTIME,10000000.00
E1099,1,Jessica Brown,jessica.brown1099@company.com,D004,FULLTIME,30000000.00
E1100,1,Anthony Davis,anthony.davis1100@company.com,D002,PARTTIME,7000000.00
E1101,1,Ashley Wilson,ashley.wilson1101@company.com,D003,PARTTIME,8000000.00
E1102,1,Joshua Johnson,joshua.johnson1102@company.com,D004,FULLTIME,50000000.00
E1103,1,Donald Garcia,donald.garcia1103@company.com,D007,PARTTIME,6000000.00
E1104,1,Matthew Rodriguez,matthew.rodriguez1104@company.com,D002,PARTTIME,7000000.00
E1105,1,Robert Perez,robert.perez1105@company.com,D005,PARTTIME,8000000.00
E1106,1,Richard Thompson,richard.thompson1106@company.com,D007,FULLTIME,20000000.00
E1107,1,Richard White,richard.white1107@company.com,D006,PARTTIME,6000000.00
E1108,1,Sandra Brown,sandra.brown1108@company.com,D002,FULLTIME,50000000.00
E1109,1,Betty Perez,betty.perez1109@company.com,D001,FULLTIME,30000000.00
E1110,1,Thomas Anderson,thomas.anderson1110@company.com,D008,PARTTIME,8000000.00
E1111,1,Susan Thomas,susan.thomas1111@company.com,D009,PARTTIME,7000000.00
E1112,1,Daniel Johnson,daniel.johnson1112@company.com,D001,PARTTIME,8000000.00
E1113,1,Barbara Wilson,barbara.wilson1113@company.com,D009,FULLTIME,40000000.00
E1114,1,Donald Harris,donald.harris1114@company.com,D010,PARTTIME,7000000.00
E1115,1,Mary Walker,mary.walker1115@company.com,D005,PARTTIME,6000000.00
E1116,1,James Martinez,james.martinez1116@company.com,D010,PARTTIME,7000000.00
E1117,1,William Lewis,william.lewis1117@company.com,D007,PARTTIME,8000000.00
E1118,1,William Ramirez,william.ramirez1118@company.com,D002,PARTTIME,8000000.00
E1119,1,Donna Clark,donna.clark1119@company.com,D005,PARTTIME,7000000.00
E1120,1,Michael Miller,michael.miller1120@company.com,D007,PARTTIME,8000000.00
E1121,1,Jessica Garcia,jessica.garcia1121@company.com,D003,PARTTIME,8000000.00
E1122,1,Christopher Thomas,christopher.thomas1122@company.com,D006,FULLTIME,20000000.00
E1123,1,Linda Young,linda.young1123@company.com,D008,PARTTIME,7000000.00
E1124,1,Richard Rodriguez,richard.rodriguez1124@company.com,D002,FULLTIME,20000000.00
E1125,1,Matthew Rodriguez,matthew.rodriguez1125@company.com,D003,FULLTIME,20000000.00
E1126,1,Daniel Williams,daniel.williams1126@company.com,D009,FULLTIME,40000000.00
E1127,1,Margaret Jones,margaret.jones1127@company.com,D010,FULLTIME,50000000.00
E1128,1,Linda Brown,linda.brown1128@company.com,D008,FULLTIME,30000000.00
E1129,1,Daniel Harris,daniel.harris1129@company.com,D008,PARTTIME,7000000.00
E1130,1,Michelle White,michelle.white1130@company.com,D005,FULLTIME,30000000.00
E1131,1,Richard Lee,richard.lee1131@company.com,D003,FULLTIME,20000000.00
E1132,1,Robert Taylor,robert.taylor1132@company.com,D008,PARTTIME,7000000.00
E1133,1,Sarah Wilson,sarah.wilson1133@company.com,D008,PARTTIME,7000000.00
E1134,1,Steven Walker,steven.walker1134@company.com,D002,PARTTIME,6000000.00
E1135,1,Mary Taylor,mary.taylor1135@company.com,D004,FULLTIME,50000000.00
E1136,1,Donald Brown,donald.brown1136@company.com,D007,PARTTIME,8000000.00
E1137,1,Mary Miller,mary.miller1137@company.com,D007,PARTTIME,8000000.00
E1138,1,Jessica Johnson,jessica.johnson1138@company.com,D007,PARTTIME,8000000.00
E1139,1,Elizabeth Miller,elizabeth.miller1139@company.com,D002,PARTTIME,6000000.00
E1140,1,Lisa Robinson,lisa.robinson1140@company.com,D005,PARTTIME,8000000.00
E1141,1,Daniel Hernandez,daniel.hernandez1141@company.com,D005,PARTTIME,6000000.00
E1142,1,Jennifer Johnson,jennifer.johnson1142@company.com,D006,FULLTIME,40000000.00
E1143,1,Charles Wilson,charles.wilson1143@company.com,D004,PARTTIME,8000000.00
E1144,1,Sarah Thomas,sarah.thomas1144@company.com,D006,PARTTIME,6000000.00
E1145,1,Sandra Miller,sandra.miller1145@company.com,D007,PARTTIME,7000000.00
E1146,1,Thomas Moore,thomas.moore1146@company.com,D006,PARTTIME,6000000.00
E1147,1,Mark Smith,mark.smith1147@company.com,D004,PARTTIME,7000000.00
E1148,1,Michael White,michael.white1148@company.com,D003,PARTTIME,6000000.00
E1149,1,Charles Clark,charles.clark1149@company.com,D002,FULLTIME,10000000.00
E1150,1,Patricia Jones,patricia.jones1150@company.com,D010,FULLTIME,10000000.00
E1151,1,Emily Jackson,emily.jackson1151@company.com,D008,FULLTIME,40000000.00
E1152,1,Ashley Robinson,ashley.robinson1152@company.com,D003,PARTTIME,8000000.00
E1153,1,Mary White,mary.white1153@company.com,D006,FULLTIME,10000000.00
E1154,1,Mary Williams,mary.williams1154@company.com,D008,PARTTIME,6000000.00
E1155,1,Joseph Jackson,joseph.jackson1155@company.com,D003,FULLTIME,40000000.00
E1156,1,Karen Jackson,karen.jackson1156@company.com,D008,PARTTIME,8000000.00
E1157,1,Anthony Clark,anthony.clark1157@company.com,D007,FULLTIME,50000000.00
E1158,1,Matthew White,matthew.white1158@company.com,D001,PARTTIME,8000000.00
E1159,1,Michelle Lewis,michelle.lewis1159@company.com,D008,FULLTIME,40000000.00
E1160,1,Nancy Garcia,nancy.garcia1160@company.com,D004,FULLTIME,30000000.00
E1161,1,John Lewis,john.lewis1161@company.com,D010,PARTTIME,6000000.00
E1162,1,Elizabeth Sanchez,elizabeth.sanchez1162@company.com,D007,FULLTIME,50000000.00
E1163,1,Barbara Williams,barbara.williams1163@company.com,D008,PARTTIME,7000000.00
E1164,1,Thomas Ramirez,thomas.ramirez1164@company.com,D006,FULLTIME,40000000.00
E1165,1,James Smith,james.smith1165@company.com,D008,FULLTIME,30000000.00
E1166,1,Joshua Moore,joshua.moore1166@company.com,D007,PARTTIME,8000000.00
E1167,1,Susan Wilson,susan.wilson1167@company.com,D003,PARTTIME,6000000.00
E1168,1,John Jackson,john.jackson1168@company.com,D007,FULLTIME,30000000.00
E1169,1,Daniel Martinez,daniel.martinez1169@company.com,D005,FULLTIME,30000000.00
E1170,1,Michael Perez,michael.perez1170@company.com,D002,FULLTIME,30000000.00
E1171,1,John Davis,john.davis1171@company.com,D008,PARTTIME,7000000.00
E1172,1,Kimberly White,kimberly.white1172@company.com,D010,PARTTIME,8000000.00
E1173,1,Christopher Thompson,christopher.thompson1173@company.com,D009,FULLTIME,20000000.00
E1174,1,Susan Brown,susan.brown1174@company.com,D010,FULLTIME,10000000.00
E1175,1,Daniel Lewis,daniel.lewis1175@company.com,D001,PARTTIME,8000000.00
E1176,1,Patricia Jackson,patricia.jackson1176@company.com,D001,PARTTIME,7000000.00
E1177,1,Thomas White,thomas.white1177@company.com,D008,FULLTIME,30000000.00
E1178,1,William Williams,william.williams1178@company.com,D002,FULLTIME,30000000.00
E1179,1,Andrew Clark,andrew.clark1179@company.com,D007,FULLTIME,40000000.00
E1180,1,Matthew Wilson,matthew.wilson1180@company.com,D006,FULLTIME,20000000.00
E1181,1,Barbara Rodriguez,barbara.rodriguez1181@company.com,D005,FULLTIME,50000000.00
E1182,1,Andrew Moore,andrew.moore1182@company.com,D002,FULLTIME,40000000.00
E1183,1,Emily Thomas,emily.thomas1183@company.com,D008,PARTTIME,6000000.00
E1184,1,Steven Davis,steven.davis1184@company.com,D005,PARTTIME,7000000.00
E1185,1,Jennifer Smith,jennifer.smith1185@company.com,D010,FULLTIME,10000000.00
E1186,1,Paul Young,paul.young1186@company.com,D006,PARTTIME,8000000.00
E1187,1,Andrew Harris,andrew.harris1187@company.com,D004,FULLTIME,20000000.00
E1188,1,Ashley Young,ashley.young1188@company.com,D008,PARTTIME,8000000.00
E1189,1,Kimberly Perez,kimberly.perez1189@company.com,D006,PARTTIME,7000000.00
E1190,1,Elizabeth Wilson,elizabeth.wilson1190@company.com,D002,PARTTIME,8000000.00
E1191,1,Linda Martin,linda.martin1191@company.com,D010,FULLTIME,20000000.00
E1192,1,Donald Jones,donald.jones1192@company.com,D008,FULLTIME,50000000.00
E1193,1,Andrew Harris,andrew.harris1193@company.com,D009,PARTTIME,6000000.00
E1194,1,Michael Martinez,michael.martinez1194@company.com,D001,FULLTIME,20000000.00
E1195,1,Sarah Davis,sarah.davis1195@company.com,D009,FULLTIME,30000000.00
E1196,1,Linda Martinez,linda.martinez1196@company.com,D007,FULLTIME,50000000.00
E1197,1,Matthew Walker,matthew.walker1197@company.com,D010,FULLTIME,50000000.00
E1198,1,Charles Williams,charles.williams1198@company.com,D004,FULLTIME,30000000.00
E1199,1,Ashley Jones,ashley.jones1199@company.com,D010,FULLTIME,50000000.00
E1200,1,Steven Chop,steven.chop1200@company.com,D001,PARTTIME,7000000.00


