balanceId,employeeId,leaveType,totalLeaveDays,usedLeaveDays,remainingLeaveDays,version
LB_E0001_ANNUAL,E0001,ANNUAL,12,0,12,0
LB_E0001_SICK,E0001,SICK,6,0,6,0
LB_E0002_ANNUAL,E0002,ANNUAL,12,0,12,0
LB_E0002_SICK,E0002,SICK,6,0,6,0
LB_E0003_ANNUAL,E0003,ANNUAL,12,0,12,0
LB_E0003_SICK,E0003,SICK,6,2,4,1
LB_E0004_ANNUAL,E0004,ANNUAL,12,0,12,0
LB_E0004_SICK,E0004,SICK,6,0,6,0
LB_E0005_ANNUAL,E0005,ANNUAL,12,0,12,0
LB_E0005_SICK,E0005,SICK,6,2,4,1
LB_E0006_ANNUAL,E0006,ANNUAL,12,0,12,0
LB_E0006_SICK,E0006,SICK,6,0,6,0
LB_E0007_ANNUAL,E0007,ANNUAL,12,0,12,0
LB_E0007_SICK,E0007,SICK,6,0,6,0
LB_E0008_ANNUAL,E0008,ANNUAL,12,0,12,0
LB_E0008_SICK,E0008,SICK,6,0,6,0
LB_E0009_ANNUAL,E0009,ANNUAL,12,0,12,0
LB_E0009_SICK,E0009,SICK,6,0,6,0
LB_E0010_ANNUAL,E0010,ANNUAL,12,0,12,0
LB_E0010_SICK,E0010,SICK,6,0,6,0
LB_E0011_ANNUAL,E0011,ANNUAL,12,0,12,0
LB_E0011_SICK,E0011,SICK,6,0,6,0
LB_E0012_ANNUAL,E0012,ANNUAL,12,2,10,1
LB_E0012_SICK,E0012,SICK,6,0,6,0
LB_E0013_ANNUAL,E0013,ANNUAL,12,0,12,0
LB_E0013_SICK,E0013,SICK,6,0,6,0
LB_E0014_ANNUAL,E0014,ANNUAL,12,0,12,0
LB_E0014_SICK,E0014,SICK,6,0,6,0
LB_E0015_ANNUAL,E0015,ANNUAL,12,0,12,0
LB_E0015_SICK,E0015,SICK,6,0,6,0
LB_E0016_ANNUAL,E0016,ANNUAL,12,0,12,0
LB_E0016_SICK,E0016,SICK,6,0,6,0
LB_E0017_ANNUAL,E0017,ANNUAL,12,0,12,0
LB_E0017_SICK,E0017,SICK,6,0,6,0
LB_E0018_ANNUAL,E0018,ANNUAL,12,0,12,0
LB_E0018_SICK,E0018,SICK,6,0,6,0
LB_E0019_ANNUAL,E0019,ANNUAL,12,0,12,0
LB_E0019_SICK,E0019,SICK,6,0,6,0
LB_E0020_ANNUAL,E0020,ANNUAL,12,0,12,0
LB_E0020_SICK,E0020,SICK,6,0,6,0
LB_E0021_ANNUAL,E0021,ANNUAL,12,0,12,0
LB_E0021_SICK,E0021,SICK,6,0,6,0
LB_E0022_ANNUAL,E0022,ANNUAL,12,0,12,0
LB_E0022_SICK,E0022,SICK,6,0,6,0
LB_E0023_ANNUAL,E0023,ANNUAL,12,0,12,0
LB_E0023_SICK,E0023,SICK,6,0,6,0
LB_E0024_ANNUAL,E0024,ANNUAL,12,0,12,0
LB_E0024_SICK,E0024,SICK,6,0,6,0
LB_E0025_ANNUAL,E0025,ANNUAL,12,0,12,0
LB_E0025_SICK,E0025,SICK,6,0,6,0
LB_E0026_ANNUAL,E0026,ANNUAL,12,0,12,0
LB_E0026_SICK,E0026,SICK,6,0,6,0
LB_E0027_ANNUAL,E0027,ANNUAL,12,0,12,0
LB_E0027_SICK,E0027,SICK,6,0,6,0
LB_E0028_ANNUAL,E0028,ANNUAL,12,0,12,0
LB_E0028_SICK,E0028,SICK,6,0,6,0
LB_E0029_ANNUAL,E0029,ANNUAL,12,0,12,0
LB_E0029_SICK,E0029,SICK,6,0,6,0
LB_E0030_ANNUAL,E0030,ANNUAL,12,0,12,0
LB_E0030_SICK,E0030,SICK,6,0,6,0
LB_E0031_ANNUAL,E0031,ANNUAL,12,0,12,0
LB_E0031_SICK,E0031,SICK,6,0,6,0
LB_E0032_ANNUAL,E0032,ANNUAL,12,0,12,0
LB_E0032_SICK,E0032,SICK,6,0,6,0
LB_E0033_ANNUAL,E0033,ANNUAL,12,0,12,0
LB_E0033_SICK,E0033,SICK,6,0,6,0
LB_E0034_ANNUAL,E0034,ANNUAL,12,0,12,0
LB_E0034_SICK,E0034,SICK,6,0,6,0
LB_E0035_ANNUAL,E0035,ANNUAL,12,0,12,0
LB_E0035_SICK,E0035,SICK,6,0,6,0
LB_E0036_ANNUAL,E0036,ANNUAL,12,0,12,0
LB_E0036_SICK,E0036,SICK,6,0,6,0
LB_E0037_ANNUAL,E0037,ANNUAL,12,0,12,0
LB_E0037_SICK,E0037,SICK,6,0,6,0
LB_E0038_ANNUAL,E0038,ANNUAL,12,0,12,0
LB_E0038_SICK,E0038,SICK,6,0,6,0
LB_E0039_ANNUAL,E0039,ANNUAL,12,0,12,0
LB_E0039_SICK,E0039,SICK,6,0,6,0
LB_E0040_ANNUAL,E0040,ANNUAL,12,0,12,0
LB_E0040_SICK,E0040,SICK,6,0,6,0
LB_E0041_ANNUAL,E0041,ANNUAL,12,0,12,0
LB_E0041_SICK,E0041,SICK,6,0,6,0
LB_E0042_ANNUAL,E0042,ANNUAL,12,0,12,0
LB_E0042_SICK,E0042,SICK,6,0,6,0
LB_E0043_ANNUAL,E0043,ANNUAL,12,0,12,0
LB_E0043_SICK,E0043,SICK,6,0,6,0
LB_E0044_ANNUAL,E0044,ANNUAL,12,0,12,0
LB_E0044_SICK,E0044,SICK,6,0,6,0
LB_E0045_ANNUAL,E0045,ANNUAL,12,0,12,0
LB_E0045_SICK,E0045,SICK,6,0,6,0
LB_E0046_ANNUAL,E0046,ANNUAL,12,0,12,0
LB_E0046_SICK,E0046,SICK,6,0,6,0
LB_E0047_ANNUAL,E0047,ANNUAL,12,0,12,0
LB_E0047_SICK,E0047,SICK,6,0,6,0
LB_E0048_ANNUAL,E0048,ANNUAL,12,0,12,0
LB_E0048_SICK,E0048,SICK,6,0,6,0
LB_E0049_ANNUAL,E0049,ANNUAL,12,0,12,0
LB_E0049_SICK,E0049,SICK,6,0,6,0
LB_E0050_ANNUAL,E0050,ANNUAL,12,0,12,0
LB_E0050_SICK,E0050,SICK,6,0,6,0
LB_E0051_ANNUAL,E0051,ANNUAL,12,0,12,0
LB_E0051_SICK,E0051,SICK,6,0,6,0
LB_E0052_ANNUAL,E0052,ANNUAL,12,0,12,0
LB_E0052_SICK,E0052,SICK,6,0,6,0
LB_E0053_ANNUAL,E0053,ANNUAL,12,0,12,0
LB_E0053_SICK,E0053,SICK,6,0,6,0
LB_E0054_ANNUAL,E0054,ANNUAL,12,0,12,0
LB_E0054_SICK,E0054,SICK,6,0,6,0
LB_E0055_ANNUAL,E0055,ANNUAL,12,0,12,0
LB_E0055_SICK,E0055,SICK,6,0,6,0
LB_E0056_ANNUAL,E0056,ANNUAL,12,0,12,0
LB_E0056_SICK,E0056,SICK,6,0,6,0
LB_E0057_ANNUAL,E0057,ANNUAL,12,0,12,0
LB_E0057_SICK,E0057,SICK,6,0,6,0
LB_E0058_ANNUAL,E0058,ANNUAL,12,0,12,0
LB_E0058_SICK,E0058,SICK,6,0,6,0
LB_E0059_ANNUAL,E0059,ANNUAL,12,0,12,0
LB_E0059_SICK,E0059,SICK,6,0,6,0
LB_E0060_ANNUAL,E0060,ANNUAL,12,0,12,0
LB_E0060_SICK,E0060,SICK,6,0,6,0
LB_E0061_ANNUAL,E0061,ANNUAL,12,0,12,0
LB_E0061_SICK,E0061,SICK,6,0,6,0
LB_E0062_ANNUAL,E0062,ANNUAL,12,0,12,0
LB_E0062_SICK,E0062,SICK,6,0,6,0
LB_E0063_ANNUAL,E0063,ANNUAL,12,0,12,0
LB_E0063_SICK,E0063,SICK,6,0,6,0
LB_E0064_ANNUAL,E0064,ANNUAL,12,0,12,0
LB_E0064_SICK,E0064,SICK,6,0,6,0
LB_E0065_ANNUAL,E0065,ANNUAL,12,0,12,0
LB_E0065_SICK,E0065,SICK,6,0,6,0
LB_E0066_ANNUAL,E0066,ANNUAL,12,0,12,0
LB_E0066_SICK,E0066,SICK,6,0,6,0
LB_E0067_ANNUAL,E0067,ANNUAL,12,0,12,0
LB_E0067_SICK,E0067,SICK,6,0,6,0
LB_E0068_ANNUAL,E0068,ANNUAL,12,0,12,0
LB_E0068_SICK,E0068,SICK,6,0,6,0
LB_E0069_ANNUAL,E0069,ANNUAL,12,0,12,0
LB_E0069_SICK,E0069,SICK,6,0,6,0
LB_E0070_ANNUAL,E0070,ANNUAL,12,0,12,0
LB_E0070_SICK,E0070,SICK,6,0,6,0
LB_E0071_ANNUAL,E0071,ANNUAL,12,0,12,0
LB_E0071_SICK,E0071,SICK,6,0,6,0
LB_E0072_ANNUAL,E0072,ANNUAL,12,0,12,0
LB_E0072_SICK,E0072,SICK,6,0,6,0
LB_E0073_ANNUAL,E0073,ANNUAL,12,0,12,0
LB_E0073_SICK,E0073,SICK,6,0,6,0
LB_E0074_ANNUAL,E0074,ANNUAL,12,0,12,0
LB_E0074_SICK,E0074,SICK,6,0,6,0
LB_E0075_ANNUAL,E0075,ANNUAL,12,0,12,0
LB_E0075_SICK,E0075,SICK,6,0,6,0
LB_E0076_ANNUAL,E0076,ANNUAL,12,0,12,0
LB_E0076_SICK,E0076,SICK,6,0,6,0
LB_E0077_ANNUAL,E0077,ANNUAL,12,0,12,0
LB_E0077_SICK,E0077,SICK,6,0,6,0
LB_E0078_ANNUAL,E0078,ANNUAL,12,0,12,0
LB_E0078_SICK,E0078,SICK,6,0,6,0
LB_E0079_ANNUAL,E0079,ANNUAL,12,0,12,0
LB_E0079_SICK,E0079,SICK,6,0,6,0
LB_E0080_ANNUAL,E0080,ANNUAL,12,0,12,0
LB_E0080_SICK,E0080,SICK,6,0,6,0
LB_E0081_ANNUAL,E0081,ANNUAL,12,0,12,0
LB_E0081_SICK,E0081,SICK,6,0,6,0
LB_E0082_ANNUAL,E0082,ANNUAL,12,0,12,0
LB_E0082_SICK,E0082,SICK,6,0,6,0
LB_E0083_ANNUAL,E0083,ANNUAL,12,0,12,0
LB_E0083_SICK,E0083,SICK,6,0,6,0
LB_E0084_ANNUAL,E0084,ANNUAL,12,0,12,0
LB_E0084_SICK,E0084,SICK,6,0,6,0
LB_E0085_ANNUAL,E0085,ANNUAL,12,0,12,0
LB_E0085_SICK,E0085,SICK,6,0,6,0
LB_E0086_ANNUAL,E0086,ANNUAL,12,0,12,0
LB_E0086_SICK,E0086,SICK,6,0,6,0
LB_E0087_ANNUAL,E0087,ANNUAL,12,0,12,0
LB_E0087_SICK,E0087,SICK,6,0,6,0
LB_E0088_ANNUAL,E0088,ANNUAL,12,0,12,0
LB_E0088_SICK,E0088,SICK,6,0,6,0
LB_E0089_ANNUAL,E0089,ANNUAL,12,0,12,0
LB_E0089_SICK,E0089,SICK,6,0,6,0
LB_E0090_ANNUAL,E0090,ANNUAL,12,0,12,0
LB_E0090_SICK,E0090,SICK,6,0,6,0
LB_E0091_ANNUAL,E0091,ANNUAL,12,0,12,0
LB_E0091_SICK,E0091,SICK,6,0,6,0
LB_E0092_ANNUAL,E0092,ANNUAL,12,0,12,0
LB_E0092_SICK,E0092,SICK,6,0,6,0
LB_E0093_ANNUAL,E0093,ANNUAL,12,0,12,0
LB_E0093_SICK,E0093,SICK,6,0,6,0
LB_E0094_ANNUAL,E0094,ANNUAL,12,0,12,0
LB_E0094_SICK,E0094,SICK,6,0,6,0
LB_E0095_ANNUAL,E0095,ANNUAL,12,0,12,0
LB_E0095_SICK,E0095,SICK,6,0,6,0
LB_E0096_ANNUAL,E0096,ANNUAL,12,0,12,0
LB_E0096_SICK,E0096,SICK,6,0,6,0
LB_E0097_ANNUAL,E0097,ANNUAL,12,0,12,0
LB_E0097_SICK,E0097,SICK,6,0,6,0
LB_E0098_ANNUAL,E0098,ANNUAL,12,0,12,0
LB_E0098_SICK,E0098,SICK,6,0,6,0
LB_E0099_ANNUAL,E0099,ANNUAL,12,0,12,0
LB_E0099_SICK,E0099,SICK,6,0,6,0
LB_E0100_ANNUAL,E0100,ANNUAL,12,0,12,0
LB_E0100_SICK,E0100,SICK,6,0,6,0
LB_E0101_ANNUAL,E0101,ANNUAL,12,0,12,0
LB_E0101_SICK,E0101,SICK,6,0,6,0
LB_E0102_ANNUAL,E0102,ANNUAL,12,0,12,0
LB_E0102_SICK,E0102,SICK,6,0,6,0
LB_E0103_ANNUAL,E0103,ANNUAL,12,0,12,0
LB_E0103_SICK,E0103,SICK,6,0,6,0
LB_E0104_ANNUAL,E0104,ANNUAL,12,0,12,0
LB_E0104_SICK,E0104,SICK,6,0,6,0
LB_E0105_ANNUAL,E0105,ANNUAL,12,0,12,0
LB_E0105_SICK,E0105,SICK,6,0,6,0
LB_E0106_ANNUAL,E0106,ANNUAL,12,0,12,0
LB_E0106_SICK,E0106,SICK,6,0,6,0
LB_E0107_ANNUAL,E0107,ANNUAL,12,0,12,0
LB_E0107_SICK,E0107,SICK,6,0,6,0
LB_E0108_ANNUAL,E0108,ANNUAL,12,0,12,0
LB_E0108_SICK,E0108,SICK,6,0,6,0
LB_E0109_ANNUAL,E0109,ANNUAL,12,0,12,0
LB_E0109_SICK,E0109,SICK,6,0,6,0
LB_E0110_ANNUAL,E0110,ANNUAL,12,0,12,0
LB_E0110_SICK,E0110,SICK,6,0,6,0
LB_E0111_ANNUAL,E0111,ANNUAL,12,0,12,0
LB_E0111_SICK,E0111,SICK,6,0,6,0
LB_E0112_ANNUAL,E0112,ANNUAL,12,0,12,0
LB_E0112_SICK,E0112,SICK,6,0,6,0
LB_E0113_ANNUAL,E0113,ANNUAL,12,0,12,0
LB_E0113_SICK,E0113,SICK,6,0,6,0
LB_E0114_ANNUAL,E0114,ANNUAL,12,0,12,0
LB_E0114_SICK,E0114,SICK,6,0,6,0
LB_E0115_ANNUAL,E0115,ANNUAL,12,0,12,0
LB_E0115_SICK,E0115,SICK,6,0,6,0
LB_E0116_ANNUAL,E0116,ANNUAL,12,0,12,0
LB_E0116_SICK,E0116,SICK,6,0,6,0
LB_E0117_ANNUAL,E0117,ANNUAL,12,0,12,0
LB_E0117_SICK,E0117,SICK,6,0,6,0
LB_E0118_ANNUAL,E0118,ANNUAL,12,0,12,0
LB_E0118_SICK,E0118,SICK,6,0,6,0
LB_E0119_ANNUAL,E0119,ANNUAL,12,0,12,0
LB_E0119_SICK,E0119,SICK,6,0,6,0
LB_E0120_ANNUAL,E0120,ANNUAL,12,0,12,0
LB_E0120_SICK,E0120,SICK,6,0,6,0
LB_E0121_ANNUAL,E0121,ANNUAL,12,0,12,0
LB_E0121_SICK,E0121,SICK,6,0,6,0
LB_E0122_ANNUAL,E0122,ANNUAL,12,0,12,0
LB_E0122_SICK,E0122,SICK,6,0,6,0
LB_E0123_ANNUAL,E0123,ANNUAL,12,0,12,0
LB_E0123_SICK,E0123,SICK,6,0,6,0
LB_E0124_ANNUAL,E0124,ANNUAL,12,0,12,0
LB_E0124_SICK,E0124,SICK,6,0,6,0
LB_E0125_ANNUAL,E0125,ANNUAL,12,0,12,0
LB_E0125_SICK,E0125,SICK,6,0,6,0
LB_E0126_ANNUAL,E0126,ANNUAL,12,0,12,0
LB_E0126_SICK,E0126,SICK,6,0,6,0
LB_E0127_ANNUAL,E0127,ANNUAL,12,0,12,0
LB_E0127_SICK,E0127,SICK,6,0,6,0
LB_E0128_ANNUAL,E0128,ANNUAL,12,0,12,0
LB_E0128_SICK,E0128,SICK,6,0,6,0
LB_E0129_ANNUAL,E0129,ANNUAL,12,0,12,0
LB_E0129_SICK,E0129,SICK,6,0,6,0
LB_E0130_ANNUAL,E0130,ANNUAL,12,0,12,0
LB_E0130_SICK,E0130,SICK,6,0,6,0
LB_E0131_ANNUAL,E0131,ANNUAL,12,0,12,0
LB_E0131_SICK,E0131,SICK,6,0,6,0
LB_E0132_ANNUAL,E0132,ANNUAL,12,0,12,0
LB_E0132_SICK,E0132,SICK,6,0,6,0
LB_E0133_ANNUAL,E0133,ANNUAL,12,0,12,0
LB_E0133_SICK,E0133,SICK,6,0,6,0
LB_E0134_ANNUAL,E0134,ANNUAL,12,0,12,0
LB_E0134_SICK,E0134,SICK,6,0,6,0
LB_E0135_ANNUAL,E0135,ANNUAL,12,0,12,0
LB_E0135_SICK,E0135,SICK,6,0,6,0
LB_E0136_ANNUAL,E0136,ANNUAL,12,0,12,0
LB_E0136_SICK,E0136,SICK,6,0,6,0
LB_E0137_ANNUAL,E0137,ANNUAL,12,0,12,0
LB_E0137_SICK,E0137,SICK,6,0,6,0
LB_E0138_ANNUAL,E0138,ANNUAL,12,0,12,0
LB_E0138_SICK,E0138,SICK,6,0,6,0
LB_E0139_ANNUAL,E0139,ANNUAL,12,0,12,0
LB_E0139_SICK,E0139,SICK,6,0,6,0
LB_E0140_ANNUAL,E0140,ANNUAL,12,0,12,0
LB_E0140_SICK,E0140,SICK,6,0,6,0
LB_E0141_ANNUAL,E0141,ANNUAL,12,0,12,0
LB_E0141_SICK,E0141,SICK,6,0,6,0
LB_E0142_ANNUAL,E0142,ANNUAL,12,0,12,0
LB_E0142_SICK,E0142,SICK,6,0,6,0
LB_E0143_ANNUAL,E0143,ANNUAL,12,0,12,0
LB_E0143_SICK,E0143,SICK,6,0,6,0
LB_E0144_ANNUAL,E0144,ANNUAL,12,0,12,0
LB_E0144_SICK,E0144,SICK,6,0,6,0
LB_E0145_ANNUAL,E0145,ANNUAL,12,0,12,0
LB_E0145_SICK,E0145,SICK,6,0,6,0
LB_E0146_ANNUAL,E0146,ANNUAL,12,0,12,0
LB_E0146_SICK,E0146,SICK,6,0,6,0
LB_E0147_ANNUAL,E0147,ANNUAL,12,0,12,0
LB_E0147_SICK,E0147,SICK,6,0,6,0
LB_E0148_ANNUAL,E0148,ANNUAL,12,0,12,0
LB_E0148_SICK,E0148,SICK,6,0,6,0
LB_E0149_ANNUAL,E0149,ANNUAL,12,0,12,0
LB_E0149_SICK,E0149,SICK,6,0,6,0
LB_E0150_ANNUAL,E0150,ANNUAL,12,0,12,0
LB_E0150_SICK,E0150,SICK,6,0,6,0
LB_E0151_ANNUAL,E0151,ANNUAL,12,0,12,0
LB_E0151_SICK,E0151,SICK,6,0,6,0
LB_E0152_ANNUAL,E0152,ANNUAL,12,0,12,0
LB_E0152_SICK,E0152,SICK,6,0,6,0
LB_E0153_ANNUAL,E0153,ANNUAL,12,0,12,0
LB_E0153_SICK,E0153,SICK,6,0,6,0
LB_E0154_ANNUAL,E0154,ANNUAL,12,0,12,0
LB_E0154_SICK,E0154,SICK,6,0,6,0
LB_E0155_ANNUAL,E0155,ANNUAL,12,0,12,0
LB_E0155_SICK,E0155,SICK,6,0,6,0
LB_E0156_ANNUAL,E0156,ANNUAL,12,0,12,0
LB_E0156_SICK,E0156,SICK,6,0,6,0
LB_E0157_ANNUAL,E0157,ANNUAL,12,0,12,0
LB_E0157_SICK,E0157,SICK,6,0,6,0
LB_E0158_ANNUAL,E0158,ANNUAL,12,0,12,0
LB_E0158_SICK,E0158,SICK,6,0,6,0
LB_E0159_ANNUAL,E0159,ANNUAL,12,0,12,0
LB_E0159_SICK,E0159,SICK,6,0,6,0
LB_E0160_ANNUAL,E0160,ANNUAL,12,0,12,0
LB_E0160_SICK,E0160,SICK,6,0,6,0
LB_E0161_ANNUAL,E0161,ANNUAL,12,0,12,0
LB_E0161_SICK,E0161,SICK,6,0,6,0
LB_E0162_ANNUAL,E0162,ANNUAL,12,0,12,0
LB_E0162_SICK,E0162,SICK,6,0,6,0
LB_E0163_ANNUAL,E0163,ANNUAL,12,0,12,0
LB_E0163_SICK,E0163,SICK,6,0,6,0
LB_E0164_ANNUAL,E0164,ANNUAL,12,0,12,0
LB_E0164_SICK,E0164,SICK,6,0,6,0
LB_E0165_ANNUAL,E0165,ANNUAL,12,0,12,0
LB_E0165_SICK,E0165,SICK,6,0,6,0
LB_E0166_ANNUAL,E0166,ANNUAL,12,0,12,0
LB_E0166_SICK,E0166,SICK,6,0,6,0
LB_E0167_ANNUAL,E0167,ANNUAL,12,0,12,0
LB_E0167_SICK,E0167,SICK,6,0,6,0
LB_E0168_ANNUAL,E0168,ANNUAL,12,0,12,0
LB_E0168_SICK,E0168,SICK,6,0,6,0
LB_E0169_ANNUAL,E0169,ANNUAL,12,0,12,0
LB_E0169_SICK,E0169,SICK,6,0,6,0
LB_E0170_ANNUAL,E0170,ANNUAL,12,0,12,0
LB_E0170_SICK,E0170,SICK,6,0,6,0
LB_E0171_ANNUAL,E0171,ANNUAL,12,0,12,0
LB_E0171_SICK,E0171,SICK,6,0,6,0
LB_E0172_ANNUAL,E0172,ANNUAL,12,0,12,0
LB_E0172_SICK,E0172,SICK,6,0,6,0
LB_E0173_ANNUAL,E0173,ANNUAL,12,0,12,0
LB_E0173_SICK,E0173,SICK,6,0,6,0
LB_E0174_ANNUAL,E0174,ANNUAL,12,0,12,0
LB_E0174_SICK,E0174,SICK,6,0,6,0
LB_E0175_ANNUAL,E0175,ANNUAL,12,0,12,0
LB_E0175_SICK,E0175,SICK,6,0,6,0
LB_E0176_ANNUAL,E0176,ANNUAL,12,0,12,0
LB_E0176_SICK,E0176,SICK,6,0,6,0
LB_E0177_ANNUAL,E0177,ANNUAL,12,0,12,0
LB_E0177_SICK,E0177,SICK,6,0,6,0
LB_E0178_ANNUAL,E0178,ANNUAL,12,0,12,0
LB_E0178_SICK,E0178,SICK,6,0,6,0
LB_E0179_ANNUAL,E0179,ANNUAL,12,0,12,0
LB_E0179_SICK,E0179,SICK,6,0,6,0
LB_E0180_ANNUAL,E0180,ANNUAL,12,0,12,0
LB_E0180_SICK,E0180,SICK,6,0,6,0
LB_E0181_ANNUAL,E0181,ANNUAL,12,0,12,0
LB_E0181_SICK,E0181,SICK,6,0,6,0
LB_E0182_ANNUAL,E0182,ANNUAL,12,0,12,0
LB_E0182_SICK,E0182,SICK,6,0,6,0
LB_E0183_ANNUAL,E0183,ANNUAL,12,0,12,0
LB_E0183_SICK,E0183,SICK,6,0,6,0
LB_E0184_ANNUAL,E0184,ANNUAL,12,0,12,0
LB_E0184_SICK,E0184,SICK,6,0,6,0
LB_E0185_ANNUAL,E0185,ANNUAL,12,0,12,0
LB_E0185_SICK,E0185,SICK,6,0,6,0
LB_E0186_ANNUAL,E0186,ANNUAL,12,0,12,0
LB_E0186_SICK,E0186,SICK,6,0,6,0
LB_E0187_ANNUAL,E0187,ANNUAL,12,0,12,0
LB_E0187_SICK,E0187,SICK,6,0,6,0
LB_E0188_ANNUAL,E0188,ANNUAL,12,0,12,0
LB_E0188_SICK,E0188,SICK,6,0,6,0
LB_E0189_ANNUAL,E0189,ANNUAL,12,0,12,0
LB_E0189_SICK,E0189,SICK,6,0,6,0
LB_E0190_ANNUAL,E0190,ANNUAL,12,0,12,0
LB_E0190_SICK,E0190,SICK,6,0,6,0
LB_E0191_ANNUAL,E0191,ANNUAL,12,0,12,0
LB_E0191_SICK,E0191,SICK,6,0,6,0
LB_E0192_ANNUAL,E0192,ANNUAL,12,0,12,0
LB_E0192_SICK,E0192,SICK,6,0,6,0
LB_E0193_ANNUAL,E0193,ANNUAL,12,0,12,0
LB_E0193_SICK,E0193,SICK,6,0,6,0
LB_E0194_ANNUAL,E0194,ANNUAL,12,0,12,0
LB_E0194_SICK,E0194,SICK,6,0,6,0
LB_E0195_ANNUAL,E0195,ANNUAL,12,0,12,0
LB_E0195_SICK,E0195,SICK,6,0,6,0
LB_E0196_ANNUAL,E0196,ANNUAL,12,0,12,0
LB_E0196_SICK,E0196,SICK,6,0,6,0
LB_E0197_ANNUAL,E0197,ANNUAL,12,0,12,0
LB_E0197_SICK,E0197,SICK,6,0,6,0
LB_E0198_ANNUAL,E0198,ANNUAL,12,0,12,0
LB_E0198_SICK,E0198,SICK,6,0,6,0
LB_E0199_ANNUAL,E0199,ANNUAL,12,0,12,0
LB_E0199_SICK,E0199,SICK,6,0,6,0
LB_E0200_ANNUAL,E0200,ANNUAL,12,0,12,0
LB_E0200_SICK,E0200,SICK,6,0,6,0
LB_E0201_ANNUAL,E0201,ANNUAL,12,0,12,0
LB_E0201_SICK,E0201,SICK,6,0,6,0
LB_E0202_ANNUAL,E0202,ANNUAL,12,0,12,0
LB_E0202_SICK,E0202,SICK,6,0,6,0
LB_E0203_ANNUAL,E0203,ANNUAL,12,0,12,0
LB_E0203_SICK,E0203,SICK,6,0,6,0
LB_E0204_ANNUAL,E0204,ANNUAL,12,0,12,0
LB_E0204_SICK,E0204,SICK,6,0,6,0
LB_E0205_ANNUAL,E0205,ANNUAL,12,0,12,0
LB_E0205_SICK,E0205,SICK,6,0,6,0
LB_E0206_ANNUAL,E0206,ANNUAL,12,0,12,0
LB_E0206_SICK,E0206,SICK,6,0,6,0
LB_E0207_ANNUAL,E0207,ANNUAL,12,0,12,0
LB_E0207_SICK,E0207,SICK,6,0,6,0
LB_E0208_ANNUAL,E0208,ANNUAL,12,0,12,0
LB_E0208_SICK,E0208,SICK,6,0,6,0
LB_E0209_ANNUAL,E0209,ANNUAL,12,0,12,0
LB_E0209_SICK,E0209,SICK,6,0,6,0
LB_E0210_ANNUAL,E0210,ANNUAL,12,0,12,0
LB_E0210_SICK,E0210,SICK,6,0,6,0
LB_E0211_ANNUAL,E0211,ANNUAL,12,0,12,0
LB_E0211_SICK,E0211,SICK,6,0,6,0
LB_E0212_ANNUAL,E0212,ANNUAL,12,0,12,0
LB_E0212_SICK,E0212,SICK,6,0,6,0
LB_E0213_ANNUAL,E0213,ANNUAL,12,0,12,0
LB_E0213_SICK,E0213,SICK,6,0,6,0
LB_E0214_ANNUAL,E0214,ANNUAL,12,0,12,0
LB_E0214_SICK,E0214,SICK,6,0,6,0
LB_E0215_ANNUAL,E0215,ANNUAL,12,0,12,0
LB_E0215_SICK,E0215,SICK,6,0,6,0
LB_E0216_ANNUAL,E0216,ANNUAL,12,0,12,0
LB_E0216_SICK,E0216,SICK,6,0,6,0
LB_E0217_ANNUAL,E0217,ANNUAL,12,0,12,0
LB_E0217_SICK,E0217,SICK,6,0,6,0
LB_E0218_ANNUAL,E0218,ANNUAL,12,0,12,0
LB_E0218_SICK,E0218,SICK,6,0,6,0
LB_E0219_ANNUAL,E0219,ANNUAL,12,0,12,0
LB_E0219_SICK,E0219,SICK,6,0,6,0
LB_E0220_ANNUAL,E0220,ANNUAL,12,0,12,0
LB_E0220_SICK,E0220,SICK,6,0,6,0
LB_E0221_ANNUAL,E0221,ANNUAL,12,0,12,0
LB_E0221_SICK,E0221,SICK,6,0,6,0
LB_E0222_ANNUAL,E0222,ANNUAL,12,0,12,0
LB_E0222_SICK,E0222,SICK,6,0,6,0
LB_E0223_ANNUAL,E0223,ANNUAL,12,0,12,0
LB_E0223_SICK,E0223,SICK,6,0,6,0
LB_E0224_ANNUAL,E0224,ANNUAL,12,0,12,0
LB_E0224_SICK,E0224,SICK,6,0,6,0
LB_E0225_ANNUAL,E0225,ANNUAL,12,0,12,0
LB_E0225_SICK,E0225,SICK,6,0,6,0
LB_E0226_ANNUAL,E0226,ANNUAL,12,0,12,0
LB_E0226_SICK,E0226,SICK,6,0,6,0
LB_E0227_ANNUAL,E0227,ANNUAL,12,0,12,0
LB_E0227_SICK,E0227,SICK,6,0,6,0
LB_E0228_ANNUAL,E0228,ANNUAL,12,0,12,0
LB_E0228_SICK,E0228,SICK,6,0,6,0
LB_E0229_ANNUAL,E0229,ANNUAL,12,0,12,0
LB_E0229_SICK,E0229,SICK,6,0,6,0
LB_E0230_ANNUAL,E0230,ANNUAL,12,0,12,0
LB_E0230_SICK,E0230,SICK,6,0,6,0
LB_E0231_ANNUAL,E0231,ANNUAL,12,0,12,0
LB_E0231_SICK,E0231,SICK,6,0,6,0
LB_E0232_ANNUAL,E0232,ANNUAL,12,0,12,0
LB_E0232_SICK,E0232,SICK,6,0,6,0
LB_E0233_ANNUAL,E0233,ANNUAL,12,0,12,0
LB_E0233_SICK,E0233,SICK,6,0,6,0
LB_E0234_ANNUAL,E0234,ANNUAL,12,0,12,0
LB_E0234_SICK,E0234,SICK,6,0,6,0
LB_E0235_ANNUAL,E0235,ANNUAL,12,0,12,0
LB_E0235_SICK,E0235,SICK,6,0,6,0
LB_E0236_ANNUAL,E0236,ANNUAL,12,0,12,0
LB_E0236_SICK,E0236,SICK,6,0,6,0
LB_E0237_ANNUAL,E0237,ANNUAL,12,0,12,0
LB_E0237_SICK,E0237,SICK,6,0,6,0
LB_E0238_ANNUAL,E0238,ANNUAL,12,0,12,0
LB_E0238_SICK,E0238,SICK,6,0,6,0
LB_E0239_ANNUAL,E0239,ANNUAL,12,0,12,0
LB_E0239_SICK,E0239,SICK,6,0,6,0
LB_E0240_ANNUAL,E0240,ANNUAL,12,0,12,0
LB_E0240_SICK,E0240,SICK,6,0,6,0
LB_E0241_ANNUAL,E0241,ANNUAL,12,0,12,0
LB_E0241_SICK,E0241,SICK,6,0,6,0
LB_E0242_ANNUAL,E0242,ANNUAL,12,0,12,0
LB_E0242_SICK,E0242,SICK,6,0,6,0
LB_E0243_ANNUAL,E0243,ANNUAL,12,0,12,0
LB_E0243_SICK,E0243,SICK,6,0,6,0
LB_E0244_ANNUAL,E0244,ANNUAL,12,0,12,0
LB_E0244_SICK,E0244,SICK,6,0,6,0
LB_E0245_ANNUAL,E0245,ANNUAL,12,0,12,0
LB_E0245_SICK,E0245,SICK,6,0,6,0
LB_E0246_ANNUAL,E0246,ANNUAL,12,0,12,0
LB_E0246_SICK,E0246,SICK,6,0,6,0
LB_E0247_ANNUAL,E0247,ANNUAL,12,0,12,0
LB_E0247_SICK,E0247,SICK,6,0,6,0
LB_E0248_ANNUAL,E0248,ANNUAL,12,0,12,0
LB_E0248_SICK,E0248,SICK,6,0,6,0
LB_E0249_ANNUAL,E0249,ANNUAL,12,0,12,0
LB_E0249_SICK,E0249,SICK,6,0,6,0
LB_E0250_ANNUAL,E0250,ANNUAL,12,0,12,0
LB_E0250_SICK,E0250,SICK,6,0,6,0
LB_E0251_ANNUAL,E0251,ANNUAL,12,0,12,0
LB_E0251_SICK,E0251,SICK,6,0,6,0
LB_E0252_ANNUAL,E0252,ANNUAL,12,0,12,0
LB_E0252_SICK,E0252,SICK,6,0,6,0
LB_E0253_ANNUAL,E0253,ANNUAL,12,0,12,0
LB_E0253_SICK,E0253,SICK,6,0,6,0
LB_E0254_ANNUAL,E0254,ANNUAL,12,0,12,0
LB_E0254_SICK,E0254,SICK,6,0,6,0
LB_E0255_ANNUAL,E0255,ANNUAL,12,0,12,0
LB_E0255_SICK,E0255,SICK,6,0,6,0
LB_E0256_ANNUAL,E0256,ANNUAL,12,0,12,0
LB_E0256_SICK,E0256,SICK,6,0,6,0
LB_E0257_ANNUAL,E0257,ANNUAL,12,0,12,0
LB_E0257_SICK,E0257,SICK,6,0,6,0
LB_E0258_ANNUAL,E0258,ANNUAL,12,0,12,0
LB_E0258_SICK,E0258,SICK,6,0,6,0
LB_E0259_ANNUAL,E0259,ANNUAL,12,0,12,0
LB_E0259_SICK,E0259,SICK,6,0,6,0
LB_E0260_ANNUAL,E0260,ANNUAL,12,0,12,0
LB_E0260_SICK,E0260,SICK,6,0,6,0
LB_E0261_ANNUAL,E0261,ANNUAL,12,0,12,0
LB_E0261_SICK,E0261,SICK,6,0,6,0
LB_E0262_ANNUAL,E0262,ANNUAL,12,0,12,0
LB_E0262_SICK,E0262,SICK,6,0,6,0
LB_E0263_ANNUAL,E0263,ANNUAL,12,0,12,0
LB_E0263_SICK,E0263,SICK,6,0,6,0
LB_E0264_ANNUAL,E0264,ANNUAL,12,0,12,0
LB_E0264_SICK,E0264,SICK,6,0,6,0
LB_E0265_ANNUAL,E0265,ANNUAL,12,0,12,0
LB_E0265_SICK,E0265,SICK,6,0,6,0
LB_E0266_ANNUAL,E0266,ANNUAL,12,0,12,0
LB_E0266_SICK,E0266,SICK,6,0,6,0
LB_E0267_ANNUAL,E0267,ANNUAL,12,0,12,0
LB_E0267_SICK,E0267,SICK,6,0,6,0
LB_E0268_ANNUAL,E0268,ANNUAL,12,0,12,0
LB_E0268_SICK,E0268,SICK,6,0,6,0
LB_E0269_ANNUAL,E0269,ANNUAL,12,0,12,0
LB_E0269_SICK,E0269,SICK,6,0,6,0
LB_E0270_ANNUAL,E0270,ANNUAL,12,0,12,0
LB_E0270_SICK,E0270,SICK,6,0,6,0
LB_E0271_ANNUAL,E0271,ANNUAL,12,0,12,0
LB_E0271_SICK,E0271,SICK,6,0,6,0
LB_E0272_ANNUAL,E0272,ANNUAL,12,0,12,0
LB_E0272_SICK,E0272,SICK,6,0,6,0
LB_E0273_ANNUAL,E0273,ANNUAL,12,0,12,0
LB_E0273_SICK,E0273,SICK,6,0,6,0
LB_E0274_ANNUAL,E0274,ANNUAL,12,0,12,0
LB_E0274_SICK,E0274,SICK,6,0,6,0
LB_E0275_ANNUAL,E0275,ANNUAL,12,0,12,0
LB_E0275_SICK,E0275,SICK,6,0,6,0
LB_E0276_ANNUAL,E0276,ANNUAL,12,0,12,0
LB_E0276_SICK,E0276,SICK,6,0,6,0
LB_E0277_ANNUAL,E0277,ANNUAL,12,0,12,0
LB_E0277_SICK,E0277,SICK,6,0,6,0
LB_E0278_ANNUAL,E0278,ANNUAL,12,0,12,0
LB_E0278_SICK,E0278,SICK,6,0,6,0
LB_E0279_ANNUAL,E0279,ANNUAL,12,0,12,0
LB_E0279_SICK,E0279,SICK,6,0,6,0
LB_E0280_ANNUAL,E0280,ANNUAL,12,0,12,0
LB_E0280_SICK,E0280,SICK,6,0,6,0
LB_E0281_ANNUAL,E0281,ANNUAL,12,0,12,0
LB_E0281_SICK,E0281,SICK,6,0,6,0
LB_E0282_ANNUAL,E0282,ANNUAL,12,0,12,0
LB_E0282_SICK,E0282,SICK,6,0,6,0
LB_E0283_ANNUAL,E0283,ANNUAL,12,0,12,0
LB_E0283_SICK,E0283,SICK,6,0,6,0
LB_E0284_ANNUAL,E0284,ANNUAL,12,0,12,0
LB_E0284_SICK,E0284,SICK,6,0,6,0
LB_E0285_ANNUAL,E0285,ANNUAL,12,0,12,0
LB_E0285_SICK,E0285,SICK,6,0,6,0
LB_E0286_ANNUAL,E0286,ANNUAL,12,0,12,0
LB_E0286_SICK,E0286,SICK,6,0,6,0
LB_E0287_ANNUAL,E0287,ANNUAL,12,0,12,0
LB_E0287_SICK,E0287,SICK,6,0,6,0
LB_E0288_ANNUAL,E0288,ANNUAL,12,0,12,0
LB_E0288_SICK,E0288,SICK,6,0,6,0
LB_E0289_ANNUAL,E0289,ANNUAL,12,0,12,0
LB_E0289_SICK,E0289,SICK,6,0,6,0
LB_E0290_ANNUAL,E0290,ANNUAL,12,0,12,0
LB_E0290_SICK,E0290,SICK,6,0,6,0
LB_E0291_ANNUAL,E0291,ANNUAL,12,0,12,0
LB_E0291_SICK,E0291,SICK,6,0,6,0
LB_E0292_ANNUAL,E0292,ANNUAL,12,0,12,0
LB_E0292_SICK,E0292,SICK,6,0,6,0
LB_E0293_ANNUAL,E0293,ANNUAL,12,0,12,0
LB_E0293_SICK,E0293,SICK,6,0,6,0
LB_E0294_ANNUAL,E0294,ANNUAL,12,0,12,0
LB_E0294_SICK,E0294,SICK,6,0,6,0
LB_E0295_ANNUAL,E0295,ANNUAL,12,0,12,0
LB_E0295_SICK,E0295,SICK,6,0,6,0
LB_E0296_ANNUAL,E0296,ANNUAL,12,0,12,0
LB_E0296_SICK,E0296,SICK,6,0,6,0
LB_E0297_ANNUAL,E0297,ANNUAL,12,0,12,0
LB_E0297_SICK,E0297,SICK,6,0,6,0
LB_E0298_ANNUAL,E0298,ANNUAL,12,0,12,0
LB_E0298_SICK,E0298,SICK,6,0,6,0
LB_E0299_ANNUAL,E0299,ANNUAL,12,0,12,0
LB_E0299_SICK,E0299,SICK,6,0,6,0
LB_E0300_ANNUAL,E0300,ANNUAL,12,0,12,0
LB_E0300_SICK,E0300,SICK,6,0,6,0
LB_E0301_ANNUAL,E0301,ANNUAL,12,0,12,0
LB_E0301_SICK,E0301,SICK,6,0,6,0
LB_E0302_ANNUAL,E0302,ANNUAL,12,0,12,0
LB_E0302_SICK,E0302,SICK,6,0,6,0
LB_E0303_ANNUAL,E0303,ANNUAL,12,0,12,0
LB_E0303_SICK,E0303,SICK,6,0,6,0
LB_E0304_ANNUAL,E0304,ANNUAL,12,0,12,0
LB_E0304_SICK,E0304,SICK,6,0,6,0
LB_E0305_ANNUAL,E0305,ANNUAL,12,0,12,0
LB_E0305_SICK,E0305,SICK,6,0,6,0
LB_E0306_ANNUAL,E0306,ANNUAL,12,0,12,0
LB_E0306_SICK,E0306,SICK,6,0,6,0
LB_E0307_ANNUAL,E0307,ANNUAL,12,0,12,0
LB_E0307_SICK,E0307,SICK,6,0,6,0
LB_E0308_ANNUAL,E0308,ANNUAL,12,0,12,0
LB_E0308_SICK,E0308,SICK,6,0,6,0
LB_E0309_ANNUAL,E0309,ANNUAL,12,0,12,0
LB_E0309_SICK,E0309,SICK,6,0,6,0
LB_E0310_ANNUAL,E0310,ANNUAL,12,0,12,0
LB_E0310_SICK,E0310,SICK,6,0,6,0
LB_E0311_ANNUAL,E0311,ANNUAL,12,0,12,0
LB_E0311_SICK,E0311,SICK,6,0,6,0
LB_E0312_ANNUAL,E0312,ANNUAL,12,0,12,0
LB_E0312_SICK,E0312,SICK,6,0,6,0
LB_E0313_ANNUAL,E0313,ANNUAL,12,0,12,0
LB_E0313_SICK,E0313,SICK,6,0,6,0
LB_E0314_ANNUAL,E0314,ANNUAL,12,0,12,0
LB_E0314_SICK,E0314,SICK,6,0,6,0
LB_E0315_ANNUAL,E0315,ANNUAL,12,0,12,0
LB_E0315_SICK,E0315,SICK,6,0,6,0
LB_E0316_ANNUAL,E0316,ANNUAL,12,0,12,0
LB_E0316_SICK,E0316,SICK,6,0,6,0
LB_E0317_ANNUAL,E0317,ANNUAL,12,0,12,0
LB_E0317_SICK,E0317,SICK,6,0,6,0
LB_E0318_ANNUAL,E0318,ANNUAL,12,0,12,0
LB_E0318_SICK,E0318,SICK,6,0,6,0
LB_E0319_ANNUAL,E0319,ANNUAL,12,0,12,0
LB_E0319_SICK,E0319,SICK,6,0,6,0
LB_E0320_ANNUAL,E0320,ANNUAL,12,0,12,0
LB_E0320_SICK,E0320,SICK,6,0,6,0
LB_E0321_ANNUAL,E0321,ANNUAL,12,0,12,0
LB_E0321_SICK,E0321,SICK,6,0,6,0
LB_E0322_ANNUAL,E0322,ANNUAL,12,0,12,0
LB_E0322_SICK,E0322,SICK,6,0,6,0
LB_E0323_ANNUAL,E0323,ANNUAL,12,0,12,0
LB_E0323_SICK,E0323,SICK,6,0,6,0
LB_E0324_ANNUAL,E0324,ANNUAL,12,0,12,0
LB_E0324_SICK,E0324,SICK,6,0,6,0
LB_E0325_ANNUAL,E0325,ANNUAL,12,0,12,0
LB_E0325_SICK,E0325,SICK,6,0,6,0
LB_E0326_ANNUAL,E0326,ANNUAL,12,0,12,0
LB_E0326_SICK,E0326,SICK,6,0,6,0
LB_E0327_ANNUAL,E0327,ANNUAL,12,0,12,0
LB_E0327_SICK,E0327,SICK,6,0,6,0
LB_E0328_ANNUAL,E0328,ANNUAL,12,0,12,0
LB_E0328_SICK,E0328,SICK,6,0,6,0
LB_E0329_ANNUAL,E0329,ANNUAL,12,0,12,0
LB_E0329_SICK,E0329,SICK,6,0,6,0
LB_E0330_ANNUAL,E0330,ANNUAL,12,0,12,0
LB_E0330_SICK,E0330,SICK,6,0,6,0
LB_E0331_ANNUAL,E0331,ANNUAL,12,0,12,0
LB_E0331_SICK,E0331,SICK,6,0,6,0
LB_E0332_ANNUAL,E0332,ANNUAL,12,0,12,0
LB_E0332_SICK,E0332,SICK,6,0,6,0
LB_E0333_ANNUAL,E0333,ANNUAL,12,0,12,0
LB_E0333_SICK,E0333,SICK,6,0,6,0
LB_E0334_ANNUAL,E0334,ANNUAL,12,0,12,0
LB_E0334_SICK,E0334,SICK,6,0,6,0
LB_E0335_ANNUAL,E0335,ANNUAL,12,0,12,0
LB_E0335_SICK,E0335,SICK,6,0,6,0
LB_E0336_ANNUAL,E0336,ANNUAL,12,0,12,0
LB_E0336_SICK,E0336,SICK,6,0,6,0
LB_E0337_ANNUAL,E0337,ANNUAL,12,0,12,0
LB_E0337_SICK,E0337,SICK,6,0,6,0
LB_E0338_ANNUAL,E0338,ANNUAL,12,0,12,0
LB_E0338_SICK,E0338,SICK,6,0,6,0
LB_E0339_ANNUAL,E0339,ANNUAL,12,0,12,0
LB_E0339_SICK,E0339,SICK,6,0,6,0
LB_E0340_ANNUAL,E0340,ANNUAL,12,0,12,0
LB_E0340_SICK,E0340,SICK,6,0,6,0
LB_E0341_ANNUAL,E0341,ANNUAL,12,0,12,0
LB_E0341_SICK,E0341,SICK,6,0,6,0
LB_E0342_ANNUAL,E0342,ANNUAL,12,0,12,0
LB_E0342_SICK,E0342,SICK,6,0,6,0
LB_E0343_ANNUAL,E0343,ANNUAL,12,0,12,0
LB_E0343_SICK,E0343,SICK,6,0,6,0
LB_E0344_ANNUAL,E0344,ANNUAL,12,0,12,0
LB_E0344_SICK,E0344,SICK,6,0,6,0
LB_E0345_ANNUAL,E0345,ANNUAL,12,0,12,0
LB_E0345_SICK,E0345,SICK,6,0,6,0
LB_E0346_ANNUAL,E0346,ANNUAL,12,0,12,0
LB_E0346_SICK,E0346,SICK,6,0,6,0
LB_E0347_ANNUAL,E0347,ANNUAL,12,0,12,0
LB_E0347_SICK,E0347,SICK,6,0,6,0
LB_E0348_ANNUAL,E0348,ANNUAL,12,0,12,0
LB_E0348_SICK,E0348,SICK,6,0,6,0
LB_E0349_ANNUAL,E0349,ANNUAL,12,0,12,0
LB_E0349_SICK,E0349,SICK,6,0,6,0
LB_E0350_ANNUAL,E0350,ANNUAL,12,0,12,0
LB_E0350_SICK,E0350,SICK,6,0,6,0
LB_E0351_ANNUAL,E0351,ANNUAL,12,0,12,0
LB_E0351_SICK,E0351,SICK,6,0,6,0
LB_E0352_ANNUAL,E0352,ANNUAL,12,0,12,0
LB_E0352_SICK,E0352,SICK,6,0,6,0
LB_E0353_ANNUAL,E0353,ANNUAL,12,0,12,0
LB_E0353_SICK,E0353,SICK,6,0,6,0
LB_E0354_ANNUAL,E0354,ANNUAL,12,0,12,0
LB_E0354_SICK,E0354,SICK,6,0,6,0
LB_E0355_ANNUAL,E0355,ANNUAL,12,0,12,0
LB_E0355_SICK,E0355,SICK,6,0,6,0
LB_E0356_ANNUAL,E0356,ANNUAL,12,0,12,0
LB_E0356_SICK,E0356,SICK,6,0,6,0
LB_E0357_ANNUAL,E0357,ANNUAL,12,0,12,0
LB_E0357_SICK,E0357,SICK,6,0,6,0
LB_E0358_ANNUAL,E0358,ANNUAL,12,0,12,0
LB_E0358_SICK,E0358,SICK,6,0,6,0
LB_E0359_ANNUAL,E0359,ANNUAL,12,0,12,0
LB_E0359_SICK,E0359,SICK,6,0,6,0
LB_E0360_ANNUAL,E0360,ANNUAL,12,0,12,0
LB_E0360_SICK,E0360,SICK,6,0,6,0
LB_E0361_ANNUAL,E0361,ANNUAL,12,0,12,0
LB_E0361_SICK,E0361,SICK,6,0,6,0
LB_E0362_ANNUAL,E0362,ANNUAL,12,0,12,0
LB_E0362_SICK,E0362,SICK,6,0,6,0
LB_E0363_ANNUAL,E0363,ANNUAL,12,0,12,0
LB_E0363_SICK,E0363,SICK,6,0,6,0
LB_E0364_ANNUAL,E0364,ANNUAL,12,0,12,0
LB_E0364_SICK,E0364,SICK,6,0,6,0
LB_E0365_ANNUAL,E0365,ANNUAL,12,0,12,0
LB_E0365_SICK,E0365,SICK,6,0,6,0
LB_E0366_ANNUAL,E0366,ANNUAL,12,0,12,0
LB_E0366_SICK,E0366,SICK,6,0,6,0
LB_E0367_ANNUAL,E0367,ANNUAL,12,0,12,0
LB_E0367_SICK,E0367,SICK,6,0,6,0
LB_E0368_ANNUAL,E0368,ANNUAL,12,0,12,0
LB_E0368_SICK,E0368,SICK,6,0,6,0
LB_E0369_ANNUAL,E0369,ANNUAL,12,0,12,0
LB_E0369_SICK,E0369,SICK,6,0,6,0
LB_E0370_ANNUAL,E0370,ANNUAL,12,0,12,0
LB_E0370_SICK,E0370,SICK,6,0,6,0
LB_E0371_ANNUAL,E0371,ANNUAL,12,0,12,0
LB_E0371_SICK,E0371,SICK,6,0,6,0
LB_E0372_ANNUAL,E0372,ANNUAL,12,0,12,0
LB_E0372_SICK,E0372,SICK,6,0,6,0
LB_E0373_ANNUAL,E0373,ANNUAL,12,0,12,0
LB_E0373_SICK,E0373,SICK,6,0,6,0
LB_E0374_ANNUAL,E0374,ANNUAL,12,0,12,0
LB_E0374_SICK,E0374,SICK,6,0,6,0
LB_E0375_ANNUAL,E0375,ANNUAL,12,0,12,0
LB_E0375_SICK,E0375,SICK,6,0,6,0
LB_E0376_ANNUAL,E0376,ANNUAL,12,0,12,0
LB_E0376_SICK,E0376,SICK,6,0,6,0
LB_E0377_ANNUAL,E0377,ANNUAL,12,0,12,0
LB_E0377_SICK,E0377,SICK,6,0,6,0
LB_E0378_ANNUAL,E0378,ANNUAL,12,0,12,0
LB_E0378_SICK,E0378,SICK,6,0,6,0
LB_E0379_ANNUAL,E0379,ANNUAL,12,0,12,0
LB_E0379_SICK,E0379,SICK,6,0,6,0
LB_E0380_ANNUAL,E0380,ANNUAL,12,0,12,0
LB_E0380_SICK,E0380,SICK,6,0,6,0
LB_E0381_ANNUAL,E0381,ANNUAL,12,0,12,0
LB_E0381_SICK,E0381,SICK,6,0,6,0
LB_E0382_ANNUAL,E0382,ANNUAL,12,0,12,0
LB_E0382_SICK,E0382,SICK,6,0,6,0
LB_E0383_ANNUAL,E0383,ANNUAL,12,0,12,0
LB_E0383_SICK,E0383,SICK,6,0,6,0
LB_E0384_ANNUAL,E0384,ANNUAL,12,0,12,0
LB_E0384_SICK,E0384,SICK,6,0,6,0
LB_E0385_ANNUAL,E0385,ANNUAL,12,0,12,0
LB_E0385_SICK,E0385,SICK,6,0,6,0
LB_E0386_ANNUAL,E0386,ANNUAL,12,0,12,0
LB_E0386_SICK,E0386,SICK,6,0,6,0
LB_E0387_ANNUAL,E0387,ANNUAL,12,0,12,0
LB_E0387_SICK,E0387,SICK,6,0,6,0
LB_E0388_ANNUAL,E0388,ANNUAL,12,0,12,0
LB_E0388_SICK,E0388,SICK,6,0,6,0
LB_E0389_ANNUAL,E0389,ANNUAL,12,0,12,0
LB_E0389_SICK,E0389,SICK,6,0,6,0
LB_E0390_ANNUAL,E0390,ANNUAL,12,0,12,0
LB_E0390_SICK,E0390,SICK,6,0,6,0
LB_E0391_ANNUAL,E0391,ANNUAL,12,0,12,0
LB_E0391_SICK,E0391,SICK,6,0,6,0
LB_E0392_ANNUAL,E0392,ANNUAL,12,0,12,0
LB_E0392_SICK,E0392,SICK,6,0,6,0
LB_E0393_ANNUAL,E0393,ANNUAL,12,0,12,0
LB_E0393_SICK,E0393,SICK,6,0,6,0
LB_E0394_ANNUAL,E0394,ANNUAL,12,0,12,0
LB_E0394_SICK,E0394,SICK,6,0,6,0
LB_E0395_ANNUAL,E0395,ANNUAL,12,0,12,0
LB_E0395_SICK,E0395,SICK,6,0,6,0
LB_E0396_ANNUAL,E0396,ANNUAL,12,0,12,0
LB_E0396_SICK,E0396,SICK,6,0,6,0
LB_E0397_ANNUAL,E0397,ANNUAL,12,0,12,0
LB_E0397_SICK,E0397,SICK,6,0,6,0
LB_E0398_ANNUAL,E0398,ANNUAL,12,0,12,0
LB_E0398_SICK,E0398,SICK,6,0,6,0
LB_E0399_ANNUAL,E0399,ANNUAL,12,0,12,0
LB_E0399_SICK,E0399,SICK,6,0,6,0
LB_E0400_ANNUAL,E0400,ANNUAL,12,0,12,0
LB_E0400_SICK,E0400,SICK,6,0,6,0
LB_E0401_ANNUAL,E0401,ANNUAL,12,0,12,0
LB_E0401_SICK,E0401,SICK,6,0,6,0
LB_E0402_ANNUAL,E0402,ANNUAL,12,0,12,0
LB_E0402_SICK,E0402,SICK,6,0,6,0
LB_E0403_ANNUAL,E0403,ANNUAL,12,0,12,0
LB_E0403_SICK,E0403,SICK,6,0,6,0
LB_E0404_ANNUAL,E0404,ANNUAL,12,0,12,0
LB_E0404_SICK,E0404,SICK,6,0,6,0
LB_E0405_ANNUAL,E0405,ANNUAL,12,0,12,0
LB_E0405_SICK,E0405,SICK,6,0,6,0
LB_E0406_ANNUAL,E0406,ANNUAL,12,0,12,0
LB_E0406_SICK,E0406,SICK,6,0,6,0
LB_E0407_ANNUAL,E0407,ANNUAL,12,0,12,0
LB_E0407_SICK,E0407,SICK,6,0,6,0
LB_E0408_ANNUAL,E0408,ANNUAL,12,0,12,0
LB_E0408_SICK,E0408,SICK,6,0,6,0
LB_E0409_ANNUAL,E0409,ANNUAL,12,0,12,0
LB_E0409_SICK,E0409,SICK,6,0,6,0
LB_E0410_ANNUAL,E0410,ANNUAL,12,0,12,0
LB_E0410_SICK,E0410,SICK,6,0,6,0
LB_E0411_ANNUAL,E0411,ANNUAL,12,0,12,0
LB_E0411_SICK,E0411,SICK,6,0,6,0
LB_E0412_ANNUAL,E0412,ANNUAL,12,0,12,0
LB_E0412_SICK,E0412,SICK,6,0,6,0
LB_E0413_ANNUAL,E0413,ANNUAL,12,0,12,0
LB_E0413_SICK,E0413,SICK,6,0,6,0
LB_E0414_ANNUAL,E0414,ANNUAL,12,0,12,0
LB_E0414_SICK,E0414,SICK,6,0,6,0
LB_E0415_ANNUAL,E0415,ANNUAL,12,0,12,0
LB_E0415_SICK,E0415,SICK,6,0,6,0
LB_E0416_ANNUAL,E0416,ANNUAL,12,0,12,0
LB_E0416_SICK,E0416,SICK,6,0,6,0
LB_E0417_ANNUAL,E0417,ANNUAL,12,0,12,0
LB_E0417_SICK,E0417,SICK,6,0,6,0
LB_E0418_ANNUAL,E0418,ANNUAL,12,0,12,0
LB_E0418_SICK,E0418,SICK,6,0,6,0
LB_E0419_ANNUAL,E0419,ANNUAL,12,0,12,0
LB_E0419_SICK,E0419,SICK,6,0,6,0
LB_E0420_ANNUAL,E0420,ANNUAL,12,0,12,0
LB_E0420_SICK,E0420,SICK,6,0,6,0
LB_E0421_ANNUAL,E0421,ANNUAL,12,0,12,0
LB_E0421_SICK,E0421,SICK,6,0,6,0
LB_E0422_ANNUAL,E0422,ANNUAL,12,0,12,0
LB_E0422_SICK,E0422,SICK,6,0,6,0
LB_E0423_ANNUAL,E0423,ANNUAL,12,0,12,0
LB_E0423_SICK,E0423,SICK,6,0,6,0
LB_E0424_ANNUAL,E0424,ANNUAL,12,0,12,0
LB_E0424_SICK,E0424,SICK,6,0,6,0
LB_E0425_ANNUAL,E0425,ANNUAL,12,0,12,0
LB_E0425_SICK,E0425,SICK,6,0,6,0
LB_E0426_ANNUAL,E0426,ANNUAL,12,0,12,0
LB_E0426_SICK,E0426,SICK,6,0,6,0
LB_E0427_ANNUAL,E0427,ANNUAL,12,0,12,0
LB_E0427_SICK,E0427,SICK,6,0,6,0
LB_E0428_ANNUAL,E0428,ANNUAL,12,0,12,0
LB_E0428_SICK,E0428,SICK,6,0,6,0
LB_E0429_ANNUAL,E0429,ANNUAL,12,0,12,0
LB_E0429_SICK,E0429,SICK,6,0,6,0
LB_E0430_ANNUAL,E0430,ANNUAL,12,0,12,0
LB_E0430_SICK,E0430,SICK,6,0,6,0
LB_E0431_ANNUAL,E0431,ANNUAL,12,0,12,0
LB_E0431_SICK,E0431,SICK,6,0,6,0
LB_E0432_ANNUAL,E0432,ANNUAL,12,0,12,0
LB_E0432_SICK,E0432,SICK,6,0,6,0
LB_E0433_ANNUAL,E0433,ANNUAL,12,0,12,0
LB_E0433_SICK,E0433,SICK,6,0,6,0
LB_E0434_ANNUAL,E0434,ANNUAL,12,0,12,0
LB_E0434_SICK,E0434,SICK,6,0,6,0
LB_E0435_ANNUAL,E0435,ANNUAL,12,0,12,0
LB_E0435_SICK,E0435,SICK,6,0,6,0
LB_E0436_ANNUAL,E0436,ANNUAL,12,0,12,0
LB_E0436_SICK,E0436,SICK,6,0,6,0
LB_E0437_ANNUAL,E0437,ANNUAL,12,0,12,0
LB_E0437_SICK,E0437,SICK,6,0,6,0
LB_E0438_ANNUAL,E0438,ANNUAL,12,0,12,0
LB_E0438_SICK,E0438,SICK,6,0,6,0
LB_E0439_ANNUAL,E0439,ANNUAL,12,0,12,0
LB_E0439_SICK,E0439,SICK,6,0,6,0
LB_E0440_ANNUAL,E0440,ANNUAL,12,0,12,0
LB_E0440_SICK,E0440,SICK,6,0,6,0
LB_E0441_ANNUAL,E0441,ANNUAL,12,0,12,0
LB_E0441_SICK,E0441,SICK,6,0,6,0
LB_E0442_ANNUAL,E0442,ANNUAL,12,0,12,0
LB_E0442_SICK,E0442,SICK,6,0,6,0
LB_E0443_ANNUAL,E0443,ANNUAL,12,0,12,0
LB_E0443_SICK,E0443,SICK,6,0,6,0
LB_E0444_ANNUAL,E0444,ANNUAL,12,0,12,0
LB_E0444_SICK,E0444,SICK,6,0,6,0
LB_E0445_ANNUAL,E0445,ANNUAL,12,0,12,0
LB_E0445_SICK,E0445,SICK,6,0,6,0
LB_E0446_ANNUAL,E0446,ANNUAL,12,0,12,0
LB_E0446_SICK,E0446,SICK,6,0,6,0
LB_E0447_ANNUAL,E0447,ANNUAL,12,0,12,0
LB_E0447_SICK,E0447,SICK,6,0,6,0
LB_E0448_ANNUAL,E0448,ANNUAL,12,0,12,0
LB_E0448_SICK,E0448,SICK,6,0,6,0
LB_E0449_ANNUAL,E0449,ANNUAL,12,0,12,0
LB_E0449_SICK,E0449,SICK,6,0,6,0
LB_E0450_ANNUAL,E0450,ANNUAL,12,0,12,0
LB_E0450_SICK,E0450,SICK,6,0,6,0
LB_E0451_ANNUAL,E0451,ANNUAL,12,0,12,0
LB_E0451_SICK,E0451,SICK,6,0,6,0
LB_E0452_ANNUAL,E0452,ANNUAL,12,0,12,0
LB_E0452_SICK,E0452,SICK,6,0,6,0
LB_E0453_ANNUAL,E0453,ANNUAL,12,0,12,0
LB_E0453_SICK,E0453,SICK,6,0,6,0
LB_E0454_ANNUAL,E0454,ANNUAL,12,0,12,0
LB_E0454_SICK,E0454,SICK,6,0,6,0
LB_E0455_ANNUAL,E0455,ANNUAL,12,0,12,0
LB_E0455_SICK,E0455,SICK,6,0,6,0
LB_E0456_ANNUAL,E0456,ANNUAL,12,0,12,0
LB_E0456_SICK,E0456,SICK,6,0,6,0
LB_E0457_ANNUAL,E0457,ANNUAL,12,0,12,0
LB_E0457_SICK,E0457,SICK,6,0,6,0
LB_E0458_ANNUAL,E0458,ANNUAL,12,0,12,0
LB_E0458_SICK,E0458,SICK,6,0,6,0
LB_E0459_ANNUAL,E0459,ANNUAL,12,0,12,0
LB_E0459_SICK,E0459,SICK,6,0,6,0
LB_E0460_ANNUAL,E0460,ANNUAL,12,0,12,0
LB_E0460_SICK,E0460,SICK,6,0,6,0
LB_E0461_ANNUAL,E0461,ANNUAL,12,0,12,0
LB_E0461_SICK,E0461,SICK,6,0,6,0
LB_E0462_ANNUAL,E0462,ANNUAL,12,0,12,0
LB_E0462_SICK,E0462,SICK,6,0,6,0
LB_E0463_ANNUAL,E0463,ANNUAL,12,0,12,0
LB_E0463_SICK,E0463,SICK,6,0,6,0
LB_E0464_ANNUAL,E0464,ANNUAL,12,0,12,0
LB_E0464_SICK,E0464,SICK,6,0,6,0
LB_E0465_ANNUAL,E0465,ANNUAL,12,0,12,0
LB_E0465_SICK,E0465,SICK,6,0,6,0
LB_E0466_ANNUAL,E0466,ANNUAL,12,0,12,0
LB_E0466_SICK,E0466,SICK,6,0,6,0
LB_E0467_ANNUAL,E0467,ANNUAL,12,0,12,0
LB_E0467_SICK,E0467,SICK,6,0,6,0
LB_E0468_ANNUAL,E0468,ANNUAL,12,0,12,0
LB_E0468_SICK,E0468,SICK,6,0,6,0
LB_E0469_ANNUAL,E0469,ANNUAL,12,0,12,0
LB_E0469_SICK,E0469,SICK,6,0,6,0
LB_E0470_ANNUAL,E0470,ANNUAL,12,0,12,0
LB_E0470_SICK,E0470,SICK,6,0,6,0
LB_E0471_ANNUAL,E0471,ANNUAL,12,0,12,0
LB_E0471_SICK,E0471,SICK,6,0,6,0
LB_E0472_ANNUAL,E0472,ANNUAL,12,0,12,0
LB_E0472_SICK,E0472,SICK,6,0,6,0
LB_E0473_ANNUAL,E0473,ANNUAL,12,0,12,0
LB_E0473_SICK,E0473,SICK,6,0,6,0
LB_E0474_ANNUAL,E0474,ANNUAL,12,0,12,0
LB_E0474_SICK,E0474,SICK,6,0,6,0
LB_E0475_ANNUAL,E0475,ANNUAL,12,0,12,0
LB_E0475_SICK,E0475,SICK,6,0,6,0
LB_E0476_ANNUAL,E0476,ANNUAL,12,0,12,0
LB_E0476_SICK,E0476,SICK,6,0,6,0
LB_E0477_ANNUAL,E0477,ANNUAL,12,0,12,0
LB_E0477_SICK,E0477,SICK,6,0,6,0
LB_E0478_ANNUAL,E0478,ANNUAL,12,0,12,0
LB_E0478_SICK,E0478,SICK,6,0,6,0
LB_E0479_ANNUAL,E0479,ANNUAL,12,0,12,0
LB_E0479_SICK,E0479,SICK,6,0,6,0
LB_E0480_ANNUAL,E0480,ANNUAL,12,0,12,0
LB_E0480_SICK,E0480,SICK,6,0,6,0
LB_E0481_ANNUAL,E0481,ANNUAL,12,0,12,0
LB_E0481_SICK,E0481,SICK,6,0,6,0
LB_E0482_ANNUAL,E0482,ANNUAL,12,0,12,0
LB_E0482_SICK,E0482,SICK,6,0,6,0
LB_E0483_ANNUAL,E0483,ANNUAL,12,0,12,0
LB_E0483_SICK,E0483,SICK,6,0,6,0
LB_E0484_ANNUAL,E0484,ANNUAL,12,0,12,0
LB_E0484_SICK,E0484,SICK,6,0,6,0
LB_E0485_ANNUAL,E0485,ANNUAL,12,0,12,0
LB_E0485_SICK,E0485,SICK,6,0,6,0
LB_E0486_ANNUAL,E0486,ANNUAL,12,0,12,0
LB_E0486_SICK,E0486,SICK,6,0,6,0
LB_E0487_ANNUAL,E0487,ANNUAL,12,0,12,0
LB_E0487_SICK,E0487,SICK,6,0,6,0
LB_E0488_ANNUAL,E0488,ANNUAL,12,0,12,0
LB_E0488_SICK,E0488,SICK,6,0,6,0
LB_E0489_ANNUAL,E0489,ANNUAL,12,0,12,0
LB_E0489_SICK,E0489,SICK,6,0,6,0
LB_E0490_ANNUAL,E0490,ANNUAL,12,0,12,0
LB_E0490_SICK,E0490,SICK,6,0,6,0
LB_E0491_ANNUAL,E0491,ANNUAL,12,0,12,0
LB_E0491_SICK,E0491,SICK,6,0,6,0
LB_E0492_ANNUAL,E0492,ANNUAL,12,0,12,0
LB_E0492_SICK,E0492,SICK,6,0,6,0
LB_E0493_ANNUAL,E0493,ANNUAL,12,0,12,0
LB_E0493_SICK,E0493,SICK,6,0,6,0
LB_E0494_ANNUAL,E0494,ANNUAL,12,0,12,0
LB_E0494_SICK,E0494,SICK,6,0,6,0
LB_E0495_ANNUAL,E0495,ANNUAL,12,0,12,0
LB_E0495_SICK,E0495,SICK,6,0,6,0
LB_E0496_ANNUAL,E0496,ANNUAL,12,0,12,0
LB_E0496_SICK,E0496,SICK,6,0,6,0
LB_E0497_ANNUAL,E0497,ANNUAL,12,0,12,0
LB_E0497_SICK,E0497,SICK,6,0,6,0
LB_E0498_ANNUAL,E0498,ANNUAL,12,0,12,0
LB_E0498_SICK,E0498,SICK,6,0,6,0
LB_E0499_ANNUAL,E0499,ANNUAL,12,0,12,0
LB_E0499_SICK,E0499,SICK,6,0,6,0
LB_E0500_ANNUAL,E0500,ANNUAL,12,0,12,0
LB_E0500_SICK,E0500,SICK,6,0,6,0
LB_E0501_ANNUAL,E0501,ANNUAL,12,0,12,0
LB_E0501_SICK,E0501,SICK,6,0,6,0
LB_E0502_ANNUAL,E0502,ANNUAL,12,0,12,0
LB_E0502_SICK,E0502,SICK,6,0,6,0
LB_E0503_ANNUAL,E0503,ANNUAL,12,0,12,0
LB_E0503_SICK,E0503,SICK,6,0,6,0
LB_E0504_ANNUAL,E0504,ANNUAL,12,0,12,0
LB_E0504_SICK,E0504,SICK,6,0,6,0
LB_E0505_ANNUAL,E0505,ANNUAL,12,0,12,0
LB_E0505_SICK,E0505,SICK,6,0,6,0
LB_E0506_ANNUAL,E0506,ANNUAL,12,0,12,0
LB_E0506_SICK,E0506,SICK,6,0,6,0
LB_E0507_ANNUAL,E0507,ANNUAL,12,0,12,0
LB_E0507_SICK,E0507,SICK,6,0,6,0
LB_E0508_ANNUAL,E0508,ANNUAL,12,0,12,0
LB_E0508_SICK,E0508,SICK,6,0,6,0
LB_E0509_ANNUAL,E0509,ANNUAL,12,0,12,0
LB_E0509_SICK,E0509,SICK,6,0,6,0
LB_E0510_ANNUAL,E0510,ANNUAL,12,0,12,0
LB_E0510_SICK,E0510,SICK,6,0,6,0
LB_E0511_ANNUAL,E0511,ANNUAL,12,0,12,0
LB_E0511_SICK,E0511,SICK,6,0,6,0
LB_E0512_ANNUAL,E0512,ANNUAL,12,0,12,0
LB_E0512_SICK,E0512,SICK,6,0,6,0
LB_E0513_ANNUAL,E0513,ANNUAL,12,0,12,0
LB_E0513_SICK,E0513,SICK,6,0,6,0
LB_E0514_ANNUAL,E0514,ANNUAL,12,0,12,0
LB_E0514_SICK,E0514,SICK,6,0,6,0
LB_E0515_ANNUAL,E0515,ANNUAL,12,0,12,0
LB_E0515_SICK,E0515,SICK,6,0,6,0
LB_E0516_ANNUAL,E0516,ANNUAL,12,0,12,0
LB_E0516_SICK,E0516,SICK,6,0,6,0
LB_E0517_ANNUAL,E0517,ANNUAL,12,0,12,0
LB_E0517_SICK,E0517,SICK,6,0,6,0
LB_E0518_ANNUAL,E0518,ANNUAL,12,0,12,0
LB_E0518_SICK,E0518,SICK,6,0,6,0
LB_E0519_ANNUAL,E0519,ANNUAL,12,0,12,0
LB_E0519_SICK,E0519,SICK,6,0,6,0
LB_E0520_ANNUAL,E0520,ANNUAL,12,0,12,0
LB_E0520_SICK,E0520,SICK,6,0,6,0
LB_E0521_ANNUAL,E0521,ANNUAL,12,0,12,0
LB_E0521_SICK,E0521,SICK,6,0,6,0
LB_E0522_ANNUAL,E0522,ANNUAL,12,0,12,0
LB_E0522_SICK,E0522,SICK,6,0,6,0
LB_E0523_ANNUAL,E0523,ANNUAL,12,0,12,0
LB_E0523_SICK,E0523,SICK,6,0,6,0
LB_E0524_ANNUAL,E0524,ANNUAL,12,0,12,0
LB_E0524_SICK,E0524,SICK,6,0,6,0
LB_E0525_ANNUAL,E0525,ANNUAL,12,0,12,0
LB_E0525_SICK,E0525,SICK,6,0,6,0
LB_E0526_ANNUAL,E0526,ANNUAL,12,0,12,0
LB_E0526_SICK,E0526,SICK,6,0,6,0
LB_E0527_ANNUAL,E0527,ANNUAL,12,0,12,0
LB_E0527_SICK,E0527,SICK,6,0,6,0
LB_E0528_ANNUAL,E0528,ANNUAL,12,0,12,0
LB_E0528_SICK,E0528,SICK,6,0,6,0
LB_E0529_ANNUAL,E0529,ANNUAL,12,0,12,0
LB_E0529_SICK,E0529,SICK,6,0,6,0
LB_E0530_ANNUAL,E0530,ANNUAL,12,0,12,0
LB_E0530_SICK,E0530,SICK,6,0,6,0
LB_E0531_ANNUAL,E0531,ANNUAL,12,0,12,0
LB_E0531_SICK,E0531,SICK,6,0,6,0
LB_E0532_ANNUAL,E0532,ANNUAL,12,0,12,0
LB_E0532_SICK,E0532,SICK,6,0,6,0
LB_E0533_ANNUAL,E0533,ANNUAL,12,0,12,0
LB_E0533_SICK,E0533,SICK,6,0,6,0
LB_E0534_ANNUAL,E0534,ANNUAL,12,0,12,0
LB_E0534_SICK,E0534,SICK,6,0,6,0
LB_E0535_ANNUAL,E0535,ANNUAL,12,0,12,0
LB_E0535_SICK,E0535,SICK,6,0,6,0
LB_E0536_ANNUAL,E0536,ANNUAL,12,0,12,0
LB_E0536_SICK,E0536,SICK,6,0,6,0
LB_E0537_ANNUAL,E0537,ANNUAL,12,0,12,0
LB_E0537_SICK,E0537,SICK,6,0,6,0
LB_E0538_ANNUAL,E0538,ANNUAL,12,0,12,0
LB_E0538_SICK,E0538,SICK,6,0,6,0
LB_E0539_ANNUAL,E0539,ANNUAL,12,0,12,0
LB_E0539_SICK,E0539,SICK,6,0,6,0
LB_E0540_ANNUAL,E0540,ANNUAL,12,0,12,0
LB_E0540_SICK,E0540,SICK,6,0,6,0
LB_E0541_ANNUAL,E0541,ANNUAL,12,0,12,0
LB_E0541_SICK,E0541,SICK,6,0,6,0
LB_E0542_ANNUAL,E0542,ANNUAL,12,0,12,0
LB_E0542_SICK,E0542,SICK,6,0,6,0
LB_E0543_ANNUAL,E0543,ANNUAL,12,0,12,0
LB_E0543_SICK,E0543,SICK,6,0,6,0
LB_E0544_ANNUAL,E0544,ANNUAL,12,0,12,0
LB_E0544_SICK,E0544,SICK,6,0,6,0
LB_E0545_ANNUAL,E0545,ANNUAL,12,0,12,0
LB_E0545_SICK,E0545,SICK,6,0,6,0
LB_E0546_ANNUAL,E0546,ANNUAL,12,0,12,0
LB_E0546_SICK,E0546,SICK,6,0,6,0
LB_E0547_ANNUAL,E0547,ANNUAL,12,0,12,0
LB_E0547_SICK,E0547,SICK,6,0,6,0
LB_E0548_ANNUAL,E0548,ANNUAL,12,0,12,0
LB_E0548_SICK,E0548,SICK,6,0,6,0
LB_E0549_ANNUAL,E0549,ANNUAL,12,0,12,0
LB_E0549_SICK,E0549,SICK,6,0,6,0
LB_E0550_ANNUAL,E0550,ANNUAL,12,0,12,0
LB_E0550_SICK,E0550,SICK,6,0,6,0
LB_E0551_ANNUAL,E0551,ANNUAL,12,0,12,0
LB_E0551_SICK,E0551,SICK,6,0,6,0
LB_E0552_ANNUAL,E0552,ANNUAL,12,0,12,0
LB_E0552_SICK,E0552,SICK,6,0,6,0
LB_E0553_ANNUAL,E0553,ANNUAL,12,0,12,0
LB_E0553_SICK,E0553,SICK,6,0,6,0
LB_E0554_ANNUAL,E0554,ANNUAL,12,0,12,0
LB_E0554_SICK,E0554,SICK,6,0,6,0
LB_E0555_ANNUAL,E0555,ANNUAL,12,0,12,0
LB_E0555_SICK,E0555,SICK,6,0,6,0
LB_E0556_ANNUAL,E0556,ANNUAL,12,0,12,0
LB_E0556_SICK,E0556,SICK,6,0,6,0
LB_E0557_ANNUAL,E0557,ANNUAL,12,0,12,0
LB_E0557_SICK,E0557,SICK,6,0,6,0
LB_E0558_ANNUAL,E0558,ANNUAL,12,0,12,0
LB_E0558_SICK,E0558,SICK,6,0,6,0
LB_E0559_ANNUAL,E0559,ANNUAL,12,0,12,0
LB_E0559_SICK,E0559,SICK,6,0,6,0
LB_E0560_ANNUAL,E0560,ANNUAL,12,0,12,0
LB_E0560_SICK,E0560,SICK,6,0,6,0
LB_E0561_ANNUAL,E0561,ANNUAL,12,0,12,0
LB_E0561_SICK,E0561,SICK,6,0,6,0
LB_E0562_ANNUAL,E0562,ANNUAL,12,0,12,0
LB_E0562_SICK,E0562,SICK,6,0,6,0
LB_E0563_ANNUAL,E0563,ANNUAL,12,0,12,0
LB_E0563_SICK,E0563,SICK,6,0,6,0
LB_E0564_ANNUAL,E0564,ANNUAL,12,0,12,0
LB_E0564_SICK,E0564,SICK,6,0,6,0
LB_E0565_ANNUAL,E0565,ANNUAL,12,0,12,0
LB_E0565_SICK,E0565,SICK,6,0,6,0
LB_E0566_ANNUAL,E0566,ANNUAL,12,0,12,0
LB_E0566_SICK,E0566,SICK,6,0,6,0
LB_E0567_ANNUAL,E0567,ANNUAL,12,0,12,0
LB_E0567_SICK,E0567,SICK,6,0,6,0
LB_E0568_ANNUAL,E0568,ANNUAL,12,0,12,0
LB_E0568_SICK,E0568,SICK,6,0,6,0
LB_E0569_ANNUAL,E0569,ANNUAL,12,0,12,0
LB_E0569_SICK,E0569,SICK,6,0,6,0
LB_E0570_ANNUAL,E0570,ANNUAL,12,0,12,0
LB_E0570_SICK,E0570,SICK,6,0,6,0
LB_E0571_ANNUAL,E0571,ANNUAL,12,0,12,0
LB_E0571_SICK,E0571,SICK,6,0,6,0
LB_E0572_ANNUAL,E0572,ANNUAL,12,0,12,0
LB_E0572_SICK,E0572,SICK,6,0,6,0
LB_E0573_ANNUAL,E0573,ANNUAL,12,0,12,0
LB_E0573_SICK,E0573,SICK,6,0,6,0
LB_E0574_ANNUAL,E0574,ANNUAL,12,0,12,0
LB_E0574_SICK,E0574,SICK,6,0,6,0
LB_E0575_ANNUAL,E0575,ANNUAL,12,0,12,0
LB_E0575_SICK,E0575,SICK,6,0,6,0
LB_E0576_ANNUAL,E0576,ANNUAL,12,0,12,0
LB_E0576_SICK,E0576,SICK,6,0,6,0
LB_E0577_ANNUAL,E0577,ANNUAL,12,0,12,0
LB_E0577_SICK,E0577,SICK,6,0,6,0
LB_E0578_ANNUAL,E0578,ANNUAL,12,0,12,0
LB_E0578_SICK,E0578,SICK,6,0,6,0
LB_E0579_ANNUAL,E0579,ANNUAL,12,0,12,0
LB_E0579_SICK,E0579,SICK,6,0,6,0
LB_E0580_ANNUAL,E0580,ANNUAL,12,0,12,0
LB_E0580_SICK,E0580,SICK,6,0,6,0
LB_E0581_ANNUAL,E0581,ANNUAL,12,0,12,0
LB_E0581_SICK,E0581,SICK,6,0,6,0
LB_E0582_ANNUAL,E0582,ANNUAL,12,0,12,0
LB_E0582_SICK,E0582,SICK,6,0,6,0
LB_E0583_ANNUAL,E0583,ANNUAL,12,0,12,0
LB_E0583_SICK,E0583,SICK,6,0,6,0
LB_E0584_ANNUAL,E0584,ANNUAL,12,0,12,0
LB_E0584_SICK,E0584,SICK,6,0,6,0
LB_E0585_ANNUAL,E0585,ANNUAL,12,0,12,0
LB_E0585_SICK,E0585,SICK,6,0,6,0
LB_E0586_ANNUAL,E0586,ANNUAL,12,0,12,0
LB_E0586_SICK,E0586,SICK,6,0,6,0
LB_E0587_ANNUAL,E0587,ANNUAL,12,0,12,0
LB_E0587_SICK,E0587,SICK,6,0,6,0
LB_E0588_ANNUAL,E0588,ANNUAL,12,0,12,0
LB_E0588_SICK,E0588,SICK,6,0,6,0
LB_E0589_ANNUAL,E0589,ANNUAL,12,0,12,0
LB_E0589_SICK,E0589,SICK,6,0,6,0
LB_E0590_ANNUAL,E0590,ANNUAL,12,0,12,0
LB_E0590_SICK,E0590,SICK,6,0,6,0
LB_E0591_ANNUAL,E0591,ANNUAL,12,0,12,0
LB_E0591_SICK,E0591,SICK,6,0,6,0
LB_E0592_ANNUAL,E0592,ANNUAL,12,0,12,0
LB_E0592_SICK,E0592,SICK,6,0,6,0
LB_E0593_ANNUAL,E0593,ANNUAL,12,0,12,0
LB_E0593_SICK,E0593,SICK,6,0,6,0
LB_E0594_ANNUAL,E0594,ANNUAL,12,0,12,0
LB_E0594_SICK,E0594,SICK,6,0,6,0
LB_E0595_ANNUAL,E0595,ANNUAL,12,0,12,0
LB_E0595_SICK,E0595,SICK,6,0,6,0
LB_E0596_ANNUAL,E0596,ANNUAL,12,0,12,0
LB_E0596_SICK,E0596,SICK,6,0,6,0
LB_E0597_ANNUAL,E0597,ANNUAL,12,0,12,0
LB_E0597_SICK,E0597,SICK,6,0,6,0
LB_E0598_ANNUAL,E0598,ANNUAL,12,0,12,0
LB_E0598_SICK,E0598,SICK,6,0,6,0
LB_E0599_ANNUAL,E0599,ANNUAL,12,0,12,0
LB_E0599_SICK,E0599,SICK,6,0,6,0
LB_E0600_ANNUAL,E0600,ANNUAL,12,0,12,0
LB_E0600_SICK,E0600,SICK,6,0,6,0
LB_E0601_ANNUAL,E0601,ANNUAL,12,0,12,0
LB_E0601_SICK,E0601,SICK,6,0,6,0
LB_E0602_ANNUAL,E0602,ANNUAL,12,0,12,0
LB_E0602_SICK,E0602,SICK,6,0,6,0
LB_E0603_ANNUAL,E0603,ANNUAL,12,0,12,0
LB_E0603_SICK,E0603,SICK,6,0,6,0
LB_E0604_ANNUAL,E0604,ANNUAL,12,0,12,0
LB_E0604_SICK,E0604,SICK,6,0,6,0
LB_E0605_ANNUAL,E0605,ANNUAL,12,0,12,0
LB_E0605_SICK,E0605,SICK,6,0,6,0
LB_E0606_ANNUAL,E0606,ANNUAL,12,0,12,0
LB_E0606_SICK,E0606,SICK,6,0,6,0
LB_E0607_ANNUAL,E0607,ANNUAL,12,0,12,0
LB_E0607_SICK,E0607,SICK,6,0,6,0
LB_E0608_ANNUAL,E0608,ANNUAL,12,0,12,0
LB_E0608_SICK,E0608,SICK,6,0,6,0
LB_E0609_ANNUAL,E0609,ANNUAL,12,0,12,0
LB_E0609_SICK,E0609,SICK,6,0,6,0
LB_E0610_ANNUAL,E0610,ANNUAL,12,0,12,0
LB_E0610_SICK,E0610,SICK,6,0,6,0
LB_E0611_ANNUAL,E0611,ANNUAL,12,0,12,0
LB_E0611_SICK,E0611,SICK,6,0,6,0
LB_E0612_ANNUAL,E0612,ANNUAL,12,0,12,0
LB_E0612_SICK,E0612,SICK,6,0,6,0
LB_E0613_ANNUAL,E0613,ANNUAL,12,0,12,0
LB_E0613_SICK,E0613,SICK,6,0,6,0
LB_E0614_ANNUAL,E0614,ANNUAL,12,0,12,0
LB_E0614_SICK,E0614,SICK,6,0,6,0
LB_E0615_ANNUAL,E0615,ANNUAL,12,0,12,0
LB_E0615_SICK,E0615,SICK,6,0,6,0
LB_E0616_ANNUAL,E0616,ANNUAL,12,0,12,0
LB_E0616_SICK,E0616,SICK,6,0,6,0
LB_E0617_ANNUAL,E0617,ANNUAL,12,0,12,0
LB_E0617_SICK,E0617,SICK,6,0,6,0
LB_E0618_ANNUAL,E0618,ANNUAL,12,0,12,0
LB_E0618_SICK,E0618,SICK,6,0,6,0
LB_E0619_ANNUAL,E0619,ANNUAL,12,0,12,0
LB_E0619_SICK,E0619,SICK,6,0,6,0
LB_E0620_ANNUAL,E0620,ANNUAL,12,0,12,0
LB_E0620_SICK,E0620,SICK,6,0,6,0
LB_E0621_ANNUAL,E0621,ANNUAL,12,0,12,0
LB_E0621_SICK,E0621,SICK,6,0,6,0
LB_E0622_ANNUAL,E0622,ANNUAL,12,0,12,0
LB_E0622_SICK,E0622,SICK,6,0,6,0
LB_E0623_ANNUAL,E0623,ANNUAL,12,0,12,0
LB_E0623_SICK,E0623,SICK,6,0,6,0
LB_E0624_ANNUAL,E0624,ANNUAL,12,0,12,0
LB_E0624_SICK,E0624,SICK,6,0,6,0
LB_E0625_ANNUAL,E0625,ANNUAL,12,0,12,0
LB_E0625_SICK,E0625,SICK,6,0,6,0
LB_E0626_ANNUAL,E0626,ANNUAL,12,0,12,0
LB_E0626_SICK,E0626,SICK,6,0,6,0
LB_E0627_ANNUAL,E0627,ANNUAL,12,0,12,0
LB_E0627_SICK,E0627,SICK,6,0,6,0
LB_E0628_ANNUAL,E0628,ANNUAL,12,0,12,0
LB_E0628_SICK,E0628,SICK,6,0,6,0
LB_E0629_ANNUAL,E0629,ANNUAL,12,0,12,0
LB_E0629_SICK,E0629,SICK,6,0,6,0
LB_E0630_ANNUAL,E0630,ANNUAL,12,0,12,0
LB_E0630_SICK,E0630,SICK,6,0,6,0
LB_E0631_ANNUAL,E0631,ANNUAL,12,0,12,0
LB_E0631_SICK,E0631,SICK,6,0,6,0
LB_E0632_ANNUAL,E0632,ANNUAL,12,0,12,0
LB_E0632_SICK,E0632,SICK,6,0,6,0
LB_E0633_ANNUAL,E0633,ANNUAL,12,0,12,0
LB_E0633_SICK,E0633,SICK,6,0,6,0
LB_E0634_ANNUAL,E0634,ANNUAL,12,0,12,0
LB_E0634_SICK,E0634,SICK,6,0,6,0
LB_E0635_ANNUAL,E0635,ANNUAL,12,0,12,0
LB_E0635_SICK,E0635,SICK,6,0,6,0
LB_E0636_ANNUAL,E0636,ANNUAL,12,0,12,0
LB_E0636_SICK,E0636,SICK,6,0,6,0
LB_E0637_ANNUAL,E0637,ANNUAL,12,0,12,0
LB_E0637_SICK,E0637,SICK,6,0,6,0
LB_E0638_ANNUAL,E0638,ANNUAL,12,0,12,0
LB_E0638_SICK,E0638,SICK,6,0,6,0
LB_E0639_ANNUAL,E0639,ANNUAL,12,0,12,0
LB_E0639_SICK,E0639,SICK,6,0,6,0
LB_E0640_ANNUAL,E0640,ANNUAL,12,0,12,0
LB_E0640_SICK,E0640,SICK,6,0,6,0
LB_E0641_ANNUAL,E0641,ANNUAL,12,0,12,0
LB_E0641_SICK,E0641,SICK,6,0,6,0
LB_E0642_ANNUAL,E0642,ANNUAL,12,0,12,0
LB_E0642_SICK,E0642,SICK,6,0,6,0
LB_E0643_ANNUAL,E0643,ANNUAL,12,0,12,0
LB_E0643_SICK,E0643,SICK,6,0,6,0
LB_E0644_ANNUAL,E0644,ANNUAL,12,0,12,0
LB_E0644_SICK,E0644,SICK,6,0,6,0
LB_E0645_ANNUAL,E0645,ANNUAL,12,0,12,0
LB_E0645_SICK,E0645,SICK,6,0,6,0
LB_E0646_ANNUAL,E0646,ANNUAL,12,0,12,0
LB_E0646_SICK,E0646,SICK,6,0,6,0
LB_E0647_ANNUAL,E0647,ANNUAL,12,0,12,0
LB_E0647_SICK,E0647,SICK,6,0,6,0
LB_E0648_ANNUAL,E0648,ANNUAL,12,0,12,0
LB_E0648_SICK,E0648,SICK,6,0,6,0
LB_E0649_ANNUAL,E0649,ANNUAL,12,0,12,0
LB_E0649_SICK,E0649,SICK,6,0,6,0
LB_E0650_ANNUAL,E0650,ANNUAL,12,0,12,0
LB_E0650_SICK,E0650,SICK,6,0,6,0
LB_E0651_ANNUAL,E0651,ANNUAL,12,0,12,0
LB_E0651_SICK,E0651,SICK,6,0,6,0
LB_E0652_ANNUAL,E0652,ANNUAL,12,0,12,0
LB_E0652_SICK,E0652,SICK,6,0,6,0
LB_E0653_ANNUAL,E0653,ANNUAL,12,0,12,0
LB_E0653_SICK,E0653,SICK,6,0,6,0
LB_E0654_ANNUAL,E0654,ANNUAL,12,0,12,0
LB_E0654_SICK,E0654,SICK,6,0,6,0
LB_E0655_ANNUAL,E0655,ANNUAL,12,0,12,0
LB_E0655_SICK,E0655,SICK,6,0,6,0
LB_E0656_ANNUAL,E0656,ANNUAL,12,0,12,0
LB_E0656_SICK,E0656,SICK,6,0,6,0
LB_E0657_ANNUAL,E0657,ANNUAL,12,0,12,0
LB_E0657_SICK,E0657,SICK,6,0,6,0
LB_E0658_ANNUAL,E0658,ANNUAL,12,0,12,0
LB_E0658_SICK,E0658,SICK,6,0,6,0
LB_E0659_ANNUAL,E0659,ANNUAL,12,0,12,0
LB_E0659_SICK,E0659,SICK,6,0,6,0
LB_E0660_ANNUAL,E0660,ANNUAL,12,0,12,0
LB_E0660_SICK,E0660,SICK,6,0,6,0
LB_E0661_ANNUAL,E0661,ANNUAL,12,0,12,0
LB_E0661_SICK,E0661,SICK,6,0,6,0
LB_E0662_ANNUAL,E0662,ANNUAL,12,0,12,0
LB_E0662_SICK,E0662,SICK,6,0,6,0
LB_E0663_ANNUAL,E0663,ANNUAL,12,0,12,0
LB_E0663_SICK,E0663,SICK,6,0,6,0
LB_E0664_ANNUAL,E0664,ANNUAL,12,0,12,0
LB_E0664_SICK,E0664,SICK,6,0,6,0
LB_E0665_ANNUAL,E0665,ANNUAL,12,0,12,0
LB_E0665_SICK,E0665,SICK,6,0,6,0
LB_E0666_ANNUAL,E0666,ANNUAL,12,0,12,0
LB_E0666_SICK,E0666,SICK,6,0,6,0
LB_E0667_ANNUAL,E0667,ANNUAL,12,0,12,0
LB_E0667_SICK,E0667,SICK,6,0,6,0
LB_E0668_ANNUAL,E0668,ANNUAL,12,0,12,0
LB_E0668_SICK,E0668,SICK,6,0,6,0
LB_E0669_ANNUAL,E0669,ANNUAL,12,0,12,0
LB_E0669_SICK,E0669,SICK,6,0,6,0
LB_E0670_ANNUAL,E0670,ANNUAL,12,0,12,0
LB_E0670_SICK,E0670,SICK,6,0,6,0
LB_E0671_ANNUAL,E0671,ANNUAL,12,0,12,0
LB_E0671_SICK,E0671,SICK,6,0,6,0
LB_E0672_ANNUAL,E0672,ANNUAL,12,0,12,0
LB_E0672_SICK,E0672,SICK,6,0,6,0
LB_E0673_ANNUAL,E0673,ANNUAL,12,0,12,0
LB_E0673_SICK,E0673,SICK,6,0,6,0
LB_E0674_ANNUAL,E0674,ANNUAL,12,0,12,0
LB_E0674_SICK,E0674,SICK,6,0,6,0
LB_E0675_ANNUAL,E0675,ANNUAL,12,0,12,0
LB_E0675_SICK,E0675,SICK,6,0,6,0
LB_E0676_ANNUAL,E0676,ANNUAL,12,0,12,0
LB_E0676_SICK,E0676,SICK,6,0,6,0
LB_E0677_ANNUAL,E0677,ANNUAL,12,0,12,0
LB_E0677_SICK,E0677,SICK,6,0,6,0
LB_E0678_ANNUAL,E0678,ANNUAL,12,0,12,0
LB_E0678_SICK,E0678,SICK,6,0,6,0
LB_E0679_ANNUAL,E0679,ANNUAL,12,0,12,0
LB_E0679_SICK,E0679,SICK,6,0,6,0
LB_E0680_ANNUAL,E0680,ANNUAL,12,0,12,0
LB_E0680_SICK,E0680,SICK,6,0,6,0
LB_E0681_ANNUAL,E0681,ANNUAL,12,0,12,0
LB_E0681_SICK,E0681,SICK,6,0,6,0
LB_E0682_ANNUAL,E0682,ANNUAL,12,0,12,0
LB_E0682_SICK,E0682,SICK,6,0,6,0
LB_E0683_ANNUAL,E0683,ANNUAL,12,0,12,0
LB_E0683_SICK,E0683,SICK,6,0,6,0
LB_E0684_ANNUAL,E0684,ANNUAL,12,0,12,0
LB_E0684_SICK,E0684,SICK,6,0,6,0
LB_E0685_ANNUAL,E0685,ANNUAL,12,0,12,0
LB_E0685_SICK,E0685,SICK,6,0,6,0
LB_E0686_ANNUAL,E0686,ANNUAL,12,0,12,0
LB_E0686_SICK,E0686,SICK,6,0,6,0
LB_E0687_ANNUAL,E0687,ANNUAL,12,0,12,0
LB_E0687_SICK,E0687,SICK,6,0,6,0
LB_E0688_ANNUAL,E0688,ANNUAL,12,0,12,0
LB_E0688_SICK,E0688,SICK,6,0,6,0
LB_E0689_ANNUAL,E0689,ANNUAL,12,0,12,0
LB_E0689_SICK,E0689,SICK,6,0,6,0
LB_E0690_ANNUAL,E0690,ANNUAL,12,0,12,0
LB_E0690_SICK,E0690,SICK,6,0,6,0
LB_E0691_ANNUAL,E0691,ANNUAL,12,0,12,0
LB_E0691_SICK,E0691,SICK,6,0,6,0
LB_E0692_ANNUAL,E0692,ANNUAL,12,0,12,0
LB_E0692_SICK,E0692,SICK,6,0,6,0
LB_E0693_ANNUAL,E0693,ANNUAL,12,0,12,0
LB_E0693_SICK,E0693,SICK,6,0,6,0
LB_E0694_ANNUAL,E0694,ANNUAL,12,0,12,0
LB_E0694_SICK,E0694,SICK,6,0,6,0
LB_E0695_ANNUAL,E0695,ANNUAL,12,0,12,0
LB_E0695_SICK,E0695,SICK,6,0,6,0
LB_E0696_ANNUAL,E0696,ANNUAL,12,0,12,0
LB_E0696_SICK,E0696,SICK,6,0,6,0
LB_E0697_ANNUAL,E0697,ANNUAL,12,0,12,0
LB_E0697_SICK,E0697,SICK,6,0,6,0
LB_E0698_ANNUAL,E0698,ANNUAL,12,0,12,0
LB_E0698_SICK,E0698,SICK,6,0,6,0
LB_E0699_ANNUAL,E0699,ANNUAL,12,0,12,0
LB_E0699_SICK,E0699,SICK,6,0,6,0
LB_E0700_ANNUAL,E0700,ANNUAL,12,0,12,0
LB_E0700_SICK,E0700,SICK,6,0,6,0
LB_E0701_ANNUAL,E0701,ANNUAL,12,0,12,0
LB_E0701_SICK,E0701,SICK,6,0,6,0
LB_E0702_ANNUAL,E0702,ANNUAL,12,0,12,0
LB_E0702_SICK,E0702,SICK,6,0,6,0
LB_E0703_ANNUAL,E0703,ANNUAL,12,0,12,0
LB_E0703_SICK,E0703,SICK,6,0,6,0
LB_E0704_ANNUAL,E0704,ANNUAL,12,0,12,0
LB_E0704_SICK,E0704,SICK,6,0,6,0
LB_E0705_ANNUAL,E0705,ANNUAL,12,0,12,0
LB_E0705_SICK,E0705,SICK,6,0,6,0
LB_E0706_ANNUAL,E0706,ANNUAL,12,0,12,0
LB_E0706_SICK,E0706,SICK,6,0,6,0
LB_E0707_ANNUAL,E0707,ANNUAL,12,0,12,0
LB_E0707_SICK,E0707,SICK,6,0,6,0
LB_E0708_ANNUAL,E0708,ANNUAL,12,0,12,0
LB_E0708_SICK,E0708,SICK,6,0,6,0
LB_E0709_ANNUAL,E0709,ANNUAL,12,0,12,0
LB_E0709_SICK,E0709,SICK,6,0,6,0
LB_E0710_ANNUAL,E0710,ANNUAL,12,0,12,0
LB_E0710_SICK,E0710,SICK,6,0,6,0
LB_E0711_ANNUAL,E0711,ANNUAL,12,0,12,0
LB_E0711_SICK,E0711,SICK,6,0,6,0
LB_E0712_ANNUAL,E0712,ANNUAL,12,0,12,0
LB_E0712_SICK,E0712,SICK,6,0,6,0
LB_E0713_ANNUAL,E0713,ANNUAL,12,0,12,0
LB_E0713_SICK,E0713,SICK,6,0,6,0
LB_E0714_ANNUAL,E0714,ANNUAL,12,0,12,0
LB_E0714_SICK,E0714,SICK,6,0,6,0
LB_E0715_ANNUAL,E0715,ANNUAL,12,0,12,0
LB_E0715_SICK,E0715,SICK,6,0,6,0
LB_E0716_ANNUAL,E0716,ANNUAL,12,0,12,0
LB_E0716_SICK,E0716,SICK,6,0,6,0
LB_E0717_ANNUAL,E0717,ANNUAL,12,0,12,0
LB_E0717_SICK,E0717,SICK,6,0,6,0
LB_E0718_ANNUAL,E0718,ANNUAL,12,0,12,0
LB_E0718_SICK,E0718,SICK,6,0,6,0
LB_E0719_ANNUAL,E0719,ANNUAL,12,0,12,0
LB_E0719_SICK,E0719,SICK,6,0,6,0
LB_E0720_ANNUAL,E0720,ANNUAL,12,0,12,0
LB_E0720_SICK,E0720,SICK,6,0,6,0
LB_E0721_ANNUAL,E0721,ANNUAL,12,0,12,0
LB_E0721_SICK,E0721,SICK,6,0,6,0
LB_E0722_ANNUAL,E0722,ANNUAL,12,0,12,0
LB_E0722_SICK,E0722,SICK,6,0,6,0
LB_E0723_ANNUAL,E0723,ANNUAL,12,0,12,0
LB_E0723_SICK,E0723,SICK,6,0,6,0
LB_E0724_ANNUAL,E0724,ANNUAL,12,0,12,0
LB_E0724_SICK,E0724,SICK,6,0,6,0
LB_E0725_ANNUAL,E0725,ANNUAL,12,0,12,0
LB_E0725_SICK,E0725,SICK,6,0,6,0
LB_E0726_ANNUAL,E0726,ANNUAL,12,0,12,0
LB_E0726_SICK,E0726,SICK,6,0,6,0
LB_E0727_ANNUAL,E0727,ANNUAL,12,0,12,0
LB_E0727_SICK,E0727,SICK,6,0,6,0
LB_E0728_ANNUAL,E0728,ANNUAL,12,0,12,0
LB_E0728_SICK,E0728,SICK,6,0,6,0
LB_E0729_ANNUAL,E0729,ANNUAL,12,0,12,0
LB_E0729_SICK,E0729,SICK,6,0,6,0
LB_E0730_ANNUAL,E0730,ANNUAL,12,0,12,0
LB_E0730_SICK,E0730,SICK,6,0,6,0
LB_E0731_ANNUAL,E0731,ANNUAL,12,0,12,0
LB_E0731_SICK,E0731,SICK,6,0,6,0
LB_E0732_ANNUAL,E0732,ANNUAL,12,0,12,0
LB_E0732_SICK,E0732,SICK,6,0,6,0
LB_E0733_ANNUAL,E0733,ANNUAL,12,0,12,0
LB_E0733_SICK,E0733,SICK,6,0,6,0
LB_E0734_ANNUAL,E0734,ANNUAL,12,0,12,0
LB_E0734_SICK,E0734,SICK,6,0,6,0
LB_E0735_ANNUAL,E0735,ANNUAL,12,0,12,0
LB_E0735_SICK,E0735,SICK,6,0,6,0
LB_E0736_ANNUAL,E0736,ANNUAL,12,0,12,0
LB_E0736_SICK,E0736,SICK,6,0,6,0
LB_E0737_ANNUAL,E0737,ANNUAL,12,0,12,0
LB_E0737_SICK,E0737,SICK,6,0,6,0
LB_E0738_ANNUAL,E0738,ANNUAL,12,0,12,0
LB_E0738_SICK,E0738,SICK,6,0,6,0
LB_E0739_ANNUAL,E0739,ANNUAL,12,0,12,0
LB_E0739_SICK,E0739,SICK,6,0,6,0
LB_E0740_ANNUAL,E0740,ANNUAL,12,0,12,0
LB_E0740_SICK,E0740,SICK,6,0,6,0
LB_E0741_ANNUAL,E0741,ANNUAL,12,0,12,0
LB_E0741_SICK,E0741,SICK,6,0,6,0
LB_E0742_ANNUAL,E0742,ANNUAL,12,0,12,0
LB_E0742_SICK,E0742,SICK,6,0,6,0
LB_E0743_ANNUAL,E0743,ANNUAL,12,0,12,0
LB_E0743_SICK,E0743,SICK,6,0,6,0
LB_E0744_ANNUAL,E0744,ANNUAL,12,0,12,0
LB_E0744_SICK,E0744,SICK,6,0,6,0
LB_E0745_ANNUAL,E0745,ANNUAL,12,0,12,0
LB_E0745_SICK,E0745,SICK,6,0,6,0
LB_E0746_ANNUAL,E0746,ANNUAL,12,0,12,0
LB_E0746_SICK,E0746,SICK,6,0,6,0
LB_E0747_ANNUAL,E0747,ANNUAL,12,0,12,0
LB_E0747_SICK,E0747,SICK,6,0,6,0
LB_E0748_ANNUAL,E0748,ANNUAL,12,0,12,0
LB_E0748_SICK,E0748,SICK,6,0,6,0
LB_E0749_ANNUAL,E0749,ANNUAL,12,0,12,0
LB_E0749_SICK,E0749,SICK,6,0,6,0
LB_E0750_ANNUAL,E0750,ANNUAL,12,0,12,0
LB_E0750_SICK,E0750,SICK,6,0,6,0
LB_E0751_ANNUAL,E0751,ANNUAL,12,0,12,0
LB_E0751_SICK,E0751,SICK,6,0,6,0
LB_E0752_ANNUAL,E0752,ANNUAL,12,0,12,0
LB_E0752_SICK,E0752,SICK,6,0,6,0
LB_E0753_ANNUAL,E0753,ANNUAL,12,0,12,0
LB_E0753_SICK,E0753,SICK,6,0,6,0
LB_E0754_ANNUAL,E0754,ANNUAL,12,0,12,0
LB_E0754_SICK,E0754,SICK,6,0,6,0
LB_E0755_ANNUAL,E0755,ANNUAL,12,0,12,0
LB_E0755_SICK,E0755,SICK,6,0,6,0
LB_E0756_ANNUAL,E0756,ANNUAL,12,0,12,0
LB_E0756_SICK,E0756,SICK,6,0,6,0
LB_E0757_ANNUAL,E0757,ANNUAL,12,0,12,0
LB_E0757_SICK,E0757,SICK,6,0,6,0
LB_E0758_ANNUAL,E0758,ANNUAL,12,0,12,0
LB_E0758_SICK,E0758,SICK,6,0,6,0
LB_E0759_ANNUAL,E0759,ANNUAL,12,0,12,0
LB_E0759_SICK,E0759,SICK,6,0,6,0
LB_E0760_ANNUAL,E0760,ANNUAL,12,0,12,0
LB_E0760_SICK,E0760,SICK,6,0,6,0
LB_E0761_ANNUAL,E0761,ANNUAL,12,0,12,0
LB_E0761_SICK,E0761,SICK,6,0,6,0
LB_E0762_ANNUAL,E0762,ANNUAL,12,0,12,0
LB_E0762_SICK,E0762,SICK,6,0,6,0
LB_E0763_ANNUAL,E0763,ANNUAL,12,0,12,0
LB_E0763_SICK,E0763,SICK,6,0,6,0
LB_E0764_ANNUAL,E0764,ANNUAL,12,0,12,0
LB_E0764_SICK,E0764,SICK,6,0,6,0
LB_E0765_ANNUAL,E0765,ANNUAL,12,0,12,0
LB_E0765_SICK,E0765,SICK,6,0,6,0
LB_E0766_ANNUAL,E0766,ANNUAL,12,0,12,0
LB_E0766_SICK,E0766,SICK,6,0,6,0
LB_E0767_ANNUAL,E0767,ANNUAL,12,0,12,0
LB_E0767_SICK,E0767,SICK,6,0,6,0
LB_E0768_ANNUAL,E0768,ANNUAL,12,0,12,0
LB_E0768_SICK,E0768,SICK,6,0,6,0
LB_E0769_ANNUAL,E0769,ANNUAL,12,0,12,0
LB_E0769_SICK,E0769,SICK,6,0,6,0
LB_E0770_ANNUAL,E0770,ANNUAL,12,0,12,0
LB_E0770_SICK,E0770,SICK,6,0,6,0
LB_E0771_ANNUAL,E0771,ANNUAL,12,0,12,0
LB_E0771_SICK,E0771,SICK,6,0,6,0
LB_E0772_ANNUAL,E0772,ANNUAL,12,0,12,0
LB_E0772_SICK,E0772,SICK,6,0,6,0
LB_E0773_ANNUAL,E0773,ANNUAL,12,0,12,0
LB_E0773_SICK,E0773,SICK,6,0,6,0
LB_E0774_ANNUAL,E0774,ANNUAL,12,0,12,0
LB_E0774_SICK,E0774,SICK,6,0,6,0
LB_E0775_ANNUAL,E0775,ANNUAL,12,0,12,0
LB_E0775_SICK,E0775,SICK,6,0,6,0
LB_E0776_ANNUAL,E0776,ANNUAL,12,0,12,0
LB_E0776_SICK,E0776,SICK,6,0,6,0
LB_E0777_ANNUAL,E0777,ANNUAL,12,0,12,0
LB_E0777_SICK,E0777,SICK,6,0,6,0
LB_E0778_ANNUAL,E0778,ANNUAL,12,0,12,0
LB_E0778_SICK,E0778,SICK,6,0,6,0
LB_E0779_ANNUAL,E0779,ANNUAL,12,0,12,0
LB_E0779_SICK,E0779,SICK,6,0,6,0
LB_E0780_ANNUAL,E0780,ANNUAL,12,0,12,0
LB_E0780_SICK,E0780,SICK,6,0,6,0
LB_E0781_ANNUAL,E0781,ANNUAL,12,0,12,0
LB_E0781_SICK,E0781,SICK,6,0,6,0
LB_E0782_ANNUAL,E0782,ANNUAL,12,0,12,0
LB_E0782_SICK,E0782,SICK,6,0,6,0
LB_E0783_ANNUAL,E0783,ANNUAL,12,0,12,0
LB_E0783_SICK,E0783,SICK,6,0,6,0
LB_E0784_ANNUAL,E0784,ANNUAL,12,0,12,0
LB_E0784_SICK,E0784,SICK,6,0,6,0
LB_E0785_ANNUAL,E0785,ANNUAL,12,0,12,0
LB_E0785_SICK,E0785,SICK,6,0,6,0
LB_E0786_ANNUAL,E0786,ANNUAL,12,0,12,0
LB_E0786_SICK,E0786,SICK,6,0,6,0
LB_E0787_ANNUAL,E0787,ANNUAL,12,0,12,0
LB_E0787_SICK,E0787,SICK,6,0,6,0
LB_E0788_ANNUAL,E0788,ANNUAL,12,0,12,0
LB_E0788_SICK,E0788,SICK,6,0,6,0
LB_E0789_ANNUAL,E0789,ANNUAL,12,0,12,0
LB_E0789_SICK,E0789,SICK,6,0,6,0
LB_E0790_ANNUAL,E0790,ANNUAL,12,0,12,0
LB_E0790_SICK,E0790,SICK,6,0,6,0
LB_E0791_ANNUAL,E0791,ANNUAL,12,0,12,0
LB_E0791_SICK,E0791,SICK,6,0,6,0
LB_E0792_ANNUAL,E0792,ANNUAL,12,0,12,0
LB_E0792_SICK,E0792,SICK,6,0,6,0
LB_E0793_ANNUAL,E0793,ANNUAL,12,0,12,0
LB_E0793_SICK,E0793,SICK,6,0,6,0
LB_E0794_ANNUAL,E0794,ANNUAL,12,0,12,0
LB_E0794_SICK,E0794,SICK,6,0,6,0
LB_E0795_ANNUAL,E0795,ANNUAL,12,0,12,0
LB_E0795_SICK,E0795,SICK,6,0,6,0
LB_E0796_ANNUAL,E0796,ANNUAL,12,0,12,0
LB_E0796_SICK,E0796,SICK,6,0,6,0
LB_E0797_ANNUAL,E0797,ANNUAL,12,0,12,0
LB_E0797_SICK,E0797,SICK,6,0,6,0
LB_E0798_ANNUAL,E0798,ANNUAL,12,0,12,0
LB_E0798_SICK,E0798,SICK,6,0,6,0
LB_E0799_ANNUAL,E0799,ANNUAL,12,0,12,0
LB_E0799_SICK,E0799,SICK,6,0,6,0
LB_E0800_ANNUAL,E0800,ANNUAL,12,0,12,0
LB_E0800_SICK,E0800,SICK,6,0,6,0
LB_E0801_ANNUAL,E0801,ANNUAL,12,0,12,0
LB_E0801_SICK,E0801,SICK,6,0,6,0
LB_E0802_ANNUAL,E0802,ANNUAL,12,0,12,0
LB_E0802_SICK,E0802,SICK,6,0,6,0
LB_E0803_ANNUAL,E0803,ANNUAL,12,0,12,0
LB_E0803_SICK,E0803,SICK,6,0,6,0
LB_E0804_ANNUAL,E0804,ANNUAL,12,0,12,0
LB_E0804_SICK,E0804,SICK,6,0,6,0
LB_E0805_ANNUAL,E0805,ANNUAL,12,0,12,0
LB_E0805_SICK,E0805,SICK,6,0,6,0
LB_E0806_ANNUAL,E0806,ANNUAL,12,0,12,0
LB_E0806_SICK,E0806,SICK,6,0,6,0
LB_E0807_ANNUAL,E0807,ANNUAL,12,0,12,0
LB_E0807_SICK,E0807,SICK,6,0,6,0
LB_E0808_ANNUAL,E0808,ANNUAL,12,0,12,0
LB_E0808_SICK,E0808,SICK,6,0,6,0
LB_E0809_ANNUAL,E0809,ANNUAL,12,0,12,0
LB_E0809_SICK,E0809,SICK,6,0,6,0
LB_E0810_ANNUAL,E0810,ANNUAL,12,0,12,0
LB_E0810_SICK,E0810,SICK,6,0,6,0
LB_E0811_ANNUAL,E0811,ANNUAL,12,0,12,0
LB_E0811_SICK,E0811,SICK,6,0,6,0
LB_E0812_ANNUAL,E0812,ANNUAL,12,0,12,0
LB_E0812_SICK,E0812,SICK,6,0,6,0
LB_E0813_ANNUAL,E0813,ANNUAL,12,0,12,0
LB_E0813_SICK,E0813,SICK,6,0,6,0
LB_E0814_ANNUAL,E0814,ANNUAL,12,0,12,0
LB_E0814_SICK,E0814,SICK,6,0,6,0
LB_E0815_ANNUAL,E0815,ANNUAL,12,0,12,0
LB_E0815_SICK,E0815,SICK,6,0,6,0
LB_E0816_ANNUAL,E0816,ANNUAL,12,0,12,0
LB_E0816_SICK,E0816,SICK,6,0,6,0
LB_E0817_ANNUAL,E0817,ANNUAL,12,0,12,0
LB_E0817_SICK,E0817,SICK,6,0,6,0
LB_E0818_ANNUAL,E0818,ANNUAL,12,0,12,0
LB_E0818_SICK,E0818,SICK,6,0,6,0
LB_E0819_ANNUAL,E0819,ANNUAL,12,0,12,0
LB_E0819_SICK,E0819,SICK,6,0,6,0
LB_E0820_ANNUAL,E0820,ANNUAL,12,0,12,0
LB_E0820_SICK,E0820,SICK,6,0,6,0
LB_E0821_ANNUAL,E0821,ANNUAL,12,0,12,0
LB_E0821_SICK,E0821,SICK,6,0,6,0
LB_E0822_ANNUAL,E0822,ANNUAL,12,0,12,0
LB_E0822_SICK,E0822,SICK,6,0,6,0
LB_E0823_ANNUAL,E0823,ANNUAL,12,0,12,0
LB_E0823_SICK,E0823,SICK,6,0,6,0
LB_E0824_ANNUAL,E0824,ANNUAL,12,0,12,0
LB_E0824_SICK,E0824,SICK,6,0,6,0
LB_E0825_ANNUAL,E0825,ANNUAL,12,0,12,0
LB_E0825_SICK,E0825,SICK,6,0,6,0
LB_E0826_ANNUAL,E0826,ANNUAL,12,0,12,0
LB_E0826_SICK,E0826,SICK,6,0,6,0
LB_E0827_ANNUAL,E0827,ANNUAL,12,0,12,0
LB_E0827_SICK,E0827,SICK,6,0,6,0
LB_E0828_ANNUAL,E0828,ANNUAL,12,0,12,0
LB_E0828_SICK,E0828,SICK,6,0,6,0
LB_E0829_ANNUAL,E0829,ANNUAL,12,0,12,0
LB_E0829_SICK,E0829,SICK,6,0,6,0
LB_E0830_ANNUAL,E0830,ANNUAL,12,0,12,0
LB_E0830_SICK,E0830,SICK,6,0,6,0
LB_E0831_ANNUAL,E0831,ANNUAL,12,0,12,0
LB_E0831_SICK,E0831,SICK,6,0,6,0
LB_E0832_ANNUAL,E0832,ANNUAL,12,0,12,0
LB_E0832_SICK,E0832,SICK,6,0,6,0
LB_E0833_ANNUAL,E0833,ANNUAL,12,0,12,0
LB_E0833_SICK,E0833,SICK,6,0,6,0
LB_E0834_ANNUAL,E0834,ANNUAL,12,0,12,0
LB_E0834_SICK,E0834,SICK,6,0,6,0
LB_E0835_ANNUAL,E0835,ANNUAL,12,0,12,0
LB_E0835_SICK,E0835,SICK,6,0,6,0
LB_E0836_ANNUAL,E0836,ANNUAL,12,0,12,0
LB_E0836_SICK,E0836,SICK,6,0,6,0
LB_E0837_ANNUAL,E0837,ANNUAL,12,0,12,0
LB_E0837_SICK,E0837,SICK,6,0,6,0
LB_E0838_ANNUAL,E0838,ANNUAL,12,0,12,0
LB_E0838_SICK,E0838,SICK,6,0,6,0
LB_E0839_ANNUAL,E0839,ANNUAL,12,0,12,0
LB_E0839_SICK,E0839,SICK,6,0,6,0
LB_E0840_ANNUAL,E0840,ANNUAL,12,0,12,0
LB_E0840_SICK,E0840,SICK,6,0,6,0
LB_E0841_ANNUAL,E0841,ANNUAL,12,0,12,0
LB_E0841_SICK,E0841,SICK,6,0,6,0
LB_E0842_ANNUAL,E0842,ANNUAL,12,0,12,0
LB_E0842_SICK,E0842,SICK,6,0,6,0
LB_E0843_ANNUAL,E0843,ANNUAL,12,0,12,0
LB_E0843_SICK,E0843,SICK,6,0,6,0
LB_E0844_ANNUAL,E0844,ANNUAL,12,0,12,0
LB_E0844_SICK,E0844,SICK,6,0,6,0
LB_E0845_ANNUAL,E0845,ANNUAL,12,0,12,0
LB_E0845_SICK,E0845,SICK,6,0,6,0
LB_E0846_ANNUAL,E0846,ANNUAL,12,0,12,0
LB_E0846_SICK,E0846,SICK,6,0,6,0
LB_E0847_ANNUAL,E0847,ANNUAL,12,0,12,0
LB_E0847_SICK,E0847,SICK,6,0,6,0
LB_E0848_ANNUAL,E0848,ANNUAL,12,0,12,0
LB_E0848_SICK,E0848,SICK,6,0,6,0
LB_E0849_ANNUAL,E0849,ANNUAL,12,0,12,0
LB_E0849_SICK,E0849,SICK,6,0,6,0
LB_E0850_ANNUAL,E0850,ANNUAL,12,0,12,0
LB_E0850_SICK,E0850,SICK,6,0,6,0
LB_E0851_ANNUAL,E0851,ANNUAL,12,0,12,0
LB_E0851_SICK,E0851,SICK,6,0,6,0
LB_E0852_ANNUAL,E0852,ANNUAL,12,0,12,0
LB_E0852_SICK,E0852,SICK,6,0,6,0
LB_E0853_ANNUAL,E0853,ANNUAL,12,0,12,0
LB_E0853_SICK,E0853,SICK,6,0,6,0
LB_E0854_ANNUAL,E0854,ANNUAL,12,0,12,0
LB_E0854_SICK,E0854,SICK,6,0,6,0
LB_E0855_ANNUAL,E0855,ANNUAL,12,0,12,0
LB_E0855_SICK,E0855,SICK,6,0,6,0
LB_E0856_ANNUAL,E0856,ANNUAL,12,0,12,0
LB_E0856_SICK,E0856,SICK,6,0,6,0
LB_E0857_ANNUAL,E0857,ANNUAL,12,0,12,0
LB_E0857_SICK,E0857,SICK,6,0,6,0
LB_E0858_ANNUAL,E0858,ANNUAL,12,0,12,0
LB_E0858_SICK,E0858,SICK,6,0,6,0
LB_E0859_ANNUAL,E0859,ANNUAL,12,0,12,0
LB_E0859_SICK,E0859,SICK,6,0,6,0
LB_E0860_ANNUAL,E0860,ANNUAL,12,0,12,0
LB_E0860_SICK,E0860,SICK,6,0,6,0
LB_E0861_ANNUAL,E0861,ANNUAL,12,0,12,0
LB_E0861_SICK,E0861,SICK,6,0,6,0
LB_E0862_ANNUAL,E0862,ANNUAL,12,0,12,0
LB_E0862_SICK,E0862,SICK,6,0,6,0
LB_E0863_ANNUAL,E0863,ANNUAL,12,0,12,0
LB_E0863_SICK,E0863,SICK,6,0,6,0
LB_E0864_ANNUAL,E0864,ANNUAL,12,0,12,0
LB_E0864_SICK,E0864,SICK,6,0,6,0
LB_E0865_ANNUAL,E0865,ANNUAL,12,0,12,0
LB_E0865_SICK,E0865,SICK,6,0,6,0
LB_E0866_ANNUAL,E0866,ANNUAL,12,0,12,0
LB_E0866_SICK,E0866,SICK,6,0,6,0
LB_E0867_ANNUAL,E0867,ANNUAL,12,0,12,0
LB_E0867_SICK,E0867,SICK,6,0,6,0
LB_E0868_ANNUAL,E0868,ANNUAL,12,0,12,0
LB_E0868_SICK,E0868,SICK,6,0,6,0
LB_E0869_ANNUAL,E0869,ANNUAL,12,0,12,0
LB_E0869_SICK,E0869,SICK,6,0,6,0
LB_E0870_ANNUAL,E0870,ANNUAL,12,0,12,0
LB_E0870_SICK,E0870,SICK,6,0,6,0
LB_E0871_ANNUAL,E0871,ANNUAL,12,0,12,0
LB_E0871_SICK,E0871,SICK,6,0,6,0
LB_E0872_ANNUAL,E0872,ANNUAL,12,0,12,0
LB_E0872_SICK,E0872,SICK,6,0,6,0
LB_E0873_ANNUAL,E0873,ANNUAL,12,0,12,0
LB_E0873_SICK,E0873,SICK,6,0,6,0
LB_E0874_ANNUAL,E0874,ANNUAL,12,0,12,0
LB_E0874_SICK,E0874,SICK,6,0,6,0
LB_E0875_ANNUAL,E0875,ANNUAL,12,0,12,0
LB_E0875_SICK,E0875,SICK,6,0,6,0
LB_E0876_ANNUAL,E0876,ANNUAL,12,0,12,0
LB_E0876_SICK,E0876,SICK,6,0,6,0
LB_E0877_ANNUAL,E0877,ANNUAL,12,0,12,0
LB_E0877_SICK,E0877,SICK,6,0,6,0
LB_E0878_ANNUAL,E0878,ANNUAL,12,0,12,0
LB_E0878_SICK,E0878,SICK,6,0,6,0
LB_E0879_ANNUAL,E0879,ANNUAL,12,0,12,0
LB_E0879_SICK,E0879,SICK,6,0,6,0
LB_E0880_ANNUAL,E0880,ANNUAL,12,0,12,0
LB_E0880_SICK,E0880,SICK,6,0,6,0
LB_E0881_ANNUAL,E0881,ANNUAL,12,0,12,0
LB_E0881_SICK,E0881,SICK,6,0,6,0
LB_E0882_ANNUAL,E0882,ANNUAL,12,0,12,0
LB_E0882_SICK,E0882,SICK,6,0,6,0
LB_E0883_ANNUAL,E0883,ANNUAL,12,0,12,0
LB_E0883_SICK,E0883,SICK,6,0,6,0
LB_E0884_ANNUAL,E0884,ANNUAL,12,0,12,0
LB_E0884_SICK,E0884,SICK,6,0,6,0
LB_E0885_ANNUAL,E0885,ANNUAL,12,0,12,0
LB_E0885_SICK,E0885,SICK,6,0,6,0
LB_E0886_ANNUAL,E0886,ANNUAL,12,0,12,0
LB_E0886_SICK,E0886,SICK,6,0,6,0
LB_E0887_ANNUAL,E0887,ANNUAL,12,0,12,0
LB_E0887_SICK,E0887,SICK,6,0,6,0
LB_E0888_ANNUAL,E0888,ANNUAL,12,0,12,0
LB_E0888_SICK,E0888,SICK,6,0,6,0
LB_E0889_ANNUAL,E0889,ANNUAL,12,0,12,0
LB_E0889_SICK,E0889,SICK,6,0,6,0
LB_E0890_ANNUAL,E0890,ANNUAL,12,0,12,0
LB_E0890_SICK,E0890,SICK,6,0,6,0
LB_E0891_ANNUAL,E0891,ANNUAL,12,0,12,0
LB_E0891_SICK,E0891,SICK,6,0,6,0
LB_E0892_ANNUAL,E0892,ANNUAL,12,0,12,0
LB_E0892_SICK,E0892,SICK,6,0,6,0
LB_E0893_ANNUAL,E0893,ANNUAL,12,0,12,0
LB_E0893_SICK,E0893,SICK,6,0,6,0
LB_E0894_ANNUAL,E0894,ANNUAL,12,0,12,0
LB_E0894_SICK,E0894,SICK,6,0,6,0
LB_E0895_ANNUAL,E0895,ANNUAL,12,0,12,0
LB_E0895_SICK,E0895,SICK,6,0,6,0
LB_E0896_ANNUAL,E0896,ANNUAL,12,0,12,0
LB_E0896_SICK,E0896,SICK,6,0,6,0
LB_E0897_ANNUAL,E0897,ANNUAL,12,0,12,0
LB_E0897_SICK,E0897,SICK,6,0,6,0
LB_E0898_ANNUAL,E0898,ANNUAL,12,0,12,0
LB_E0898_SICK,E0898,SICK,6,0,6,0
LB_E0899_ANNUAL,E0899,ANNUAL,12,0,12,0
LB_E0899_SICK,E0899,SICK,6,0,6,0
LB_E0900_ANNUAL,E0900,ANNUAL,12,0,12,0
LB_E0900_SICK,E0900,SICK,6,0,6,0
LB_E0901_ANNUAL,E0901,ANNUAL,12,0,12,0
LB_E0901_SICK,E0901,SICK,6,0,6,0
LB_E0902_ANNUAL,E0902,ANNUAL,12,0,12,0
LB_E0902_SICK,E0902,SICK,6,0,6,0
LB_E0903_ANNUAL,E0903,ANNUAL,12,0,12,0
LB_E0903_SICK,E0903,SICK,6,0,6,0
LB_E0904_ANNUAL,E0904,ANNUAL,12,0,12,0
LB_E0904_SICK,E0904,SICK,6,0,6,0
LB_E0905_ANNUAL,E0905,ANNUAL,12,0,12,0
LB_E0905_SICK,E0905,SICK,6,0,6,0
LB_E0906_ANNUAL,E0906,ANNUAL,12,0,12,0
LB_E0906_SICK,E0906,SICK,6,0,6,0
LB_E0907_ANNUAL,E0907,ANNUAL,12,0,12,0
LB_E0907_SICK,E0907,SICK,6,0,6,0
LB_E0908_ANNUAL,E0908,ANNUAL,12,0,12,0
LB_E0908_SICK,E0908,SICK,6,0,6,0
LB_E0909_ANNUAL,E0909,ANNUAL,12,0,12,0
LB_E0909_SICK,E0909,SICK,6,0,6,0
LB_E0910_ANNUAL,E0910,ANNUAL,12,0,12,0
LB_E0910_SICK,E0910,SICK,6,0,6,0
LB_E0911_ANNUAL,E0911,ANNUAL,12,0,12,0
LB_E0911_SICK,E0911,SICK,6,0,6,0
LB_E0912_ANNUAL,E0912,ANNUAL,12,0,12,0
LB_E0912_SICK,E0912,SICK,6,0,6,0
LB_E0913_ANNUAL,E0913,ANNUAL,12,0,12,0
LB_E0913_SICK,E0913,SICK,6,0,6,0
LB_E0914_ANNUAL,E0914,ANNUAL,12,0,12,0
LB_E0914_SICK,E0914,SICK,6,0,6,0
LB_E0915_ANNUAL,E0915,ANNUAL,12,0,12,0
LB_E0915_SICK,E0915,SICK,6,0,6,0
LB_E0916_ANNUAL,E0916,ANNUAL,12,0,12,0
LB_E0916_SICK,E0916,SICK,6,0,6,0
LB_E0917_ANNUAL,E0917,ANNUAL,12,0,12,0
LB_E0917_SICK,E0917,SICK,6,0,6,0
LB_E0918_ANNUAL,E0918,ANNUAL,12,0,12,0
LB_E0918_SICK,E0918,SICK,6,0,6,0
LB_E0919_ANNUAL,E0919,ANNUAL,12,0,12,0
LB_E0919_SICK,E0919,SICK,6,0,6,0
LB_E0920_ANNUAL,E0920,ANNUAL,12,0,12,0
LB_E0920_SICK,E0920,SICK,6,0,6,0
LB_E0921_ANNUAL,E0921,ANNUAL,12,0,12,0
LB_E0921_SICK,E0921,SICK,6,0,6,0
LB_E0922_ANNUAL,E0922,ANNUAL,12,0,12,0
LB_E0922_SICK,E0922,SICK,6,0,6,0
LB_E0923_ANNUAL,E0923,ANNUAL,12,0,12,0
LB_E0923_SICK,E0923,SICK,6,0,6,0
LB_E0924_ANNUAL,E0924,ANNUAL,12,0,12,0
LB_E0924_SICK,E0924,SICK,6,0,6,0
LB_E0925_ANNUAL,E0925,ANNUAL,12,0,12,0
LB_E0925_SICK,E0925,SICK,6,0,6,0
LB_E0926_ANNUAL,E0926,ANNUAL,12,0,12,0
LB_E0926_SICK,E0926,SICK,6,0,6,0
LB_E0927_ANNUAL,E0927,ANNUAL,12,0,12,0
LB_E0927_SICK,E0927,SICK,6,0,6,0
LB_E0928_ANNUAL,E0928,ANNUAL,12,0,12,0
LB_E0928_SICK,E0928,SICK,6,0,6,0
LB_E0929_ANNUAL,E0929,ANNUAL,12,0,12,0
LB_E0929_SICK,E0929,SICK,6,0,6,0
LB_E0930_ANNUAL,E0930,ANNUAL,12,0,12,0
LB_E0930_SICK,E0930,SICK,6,0,6,0
LB_E0931_ANNUAL,E0931,ANNUAL,12,0,12,0
LB_E0931_SICK,E0931,SICK,6,0,6,0
LB_E0932_ANNUAL,E0932,ANNUAL,12,0,12,0
LB_E0932_SICK,E0932,SICK,6,0,6,0
LB_E0933_ANNUAL,E0933,ANNUAL,12,0,12,0
LB_E0933_SICK,E0933,SICK,6,0,6,0
LB_E0934_ANNUAL,E0934,ANNUAL,12,0,12,0
LB_E0934_SICK,E0934,SICK,6,0,6,0
LB_E0935_ANNUAL,E0935,ANNUAL,12,0,12,0
LB_E0935_SICK,E0935,SICK,6,0,6,0
LB_E0936_ANNUAL,E0936,ANNUAL,12,0,12,0
LB_E0936_SICK,E0936,SICK,6,0,6,0
LB_E0937_ANNUAL,E0937,ANNUAL,12,0,12,0
LB_E0937_SICK,E0937,SICK,6,0,6,0
LB_E0938_ANNUAL,E0938,ANNUAL,12,0,12,0
LB_E0938_SICK,E0938,SICK,6,0,6,0
LB_E0939_ANNUAL,E0939,ANNUAL,12,0,12,0
LB_E0939_SICK,E0939,SICK,6,0,6,0
LB_E0940_ANNUAL,E0940,ANNUAL,12,0,12,0
LB_E0940_SICK,E0940,SICK,6,0,6,0
LB_E0941_ANNUAL,E0941,ANNUAL,12,0,12,0
LB_E0941_SICK,E0941,SICK,6,0,6,0
LB_E0942_ANNUAL,E0942,ANNUAL,12,0,12,0
LB_E0942_SICK,E0942,SICK,6,0,6,0
LB_E0943_ANNUAL,E0943,ANNUAL,12,0,12,0
LB_E0943_SICK,E0943,SICK,6,0,6,0
LB_E0944_ANNUAL,E0944,ANNUAL,12,0,12,0
LB_E0944_SICK,E0944,SICK,6,0,6,0
LB_E0945_ANNUAL,E0945,ANNUAL,12,0,12,0
LB_E0945_SICK,E0945,SICK,6,0,6,0
LB_E0946_ANNUAL,E0946,ANNUAL,12,0,12,0
LB_E0946_SICK,E0946,SICK,6,0,6,0
LB_E0947_ANNUAL,E0947,ANNUAL,12,0,12,0
LB_E0947_SICK,E0947,SICK,6,0,6,0
LB_E0948_ANNUAL,E0948,ANNUAL,12,0,12,0
LB_E0948_SICK,E0948,SICK,6,0,6,0
LB_E0949_ANNUAL,E0949,ANNUAL,12,0,12,0
LB_E0949_SICK,E0949,SICK,6,0,6,0
LB_E0950_ANNUAL,E0950,ANNUAL,12,0,12,0
LB_E0950_SICK,E0950,SICK,6,0,6,0
LB_E0951_ANNUAL,E0951,ANNUAL,12,0,12,0
LB_E0951_SICK,E0951,SICK,6,0,6,0
LB_E0952_ANNUAL,E0952,ANNUAL,12,0,12,0
LB_E0952_SICK,E0952,SICK,6,0,6,0
LB_E0953_ANNUAL,E0953,ANNUAL,12,0,12,0
LB_E0953_SICK,E0953,SICK,6,0,6,0
LB_E0954_ANNUAL,E0954,ANNUAL,12,0,12,0
LB_E0954_SICK,E0954,SICK,6,0,6,0
LB_E0955_ANNUAL,E0955,ANNUAL,12,0,12,0
LB_E0955_SICK,E0955,SICK,6,0,6,0
LB_E0956_ANNUAL,E0956,ANNUAL,12,0,12,0
LB_E0956_SICK,E0956,SICK,6,0,6,0
LB_E0957_ANNUAL,E0957,ANNUAL,12,0,12,0
LB_E0957_SICK,E0957,SICK,6,0,6,0
LB_E0958_ANNUAL,E0958,ANNUAL,12,0,12,0
LB_E0958_SICK,E0958,SICK,6,0,6,0
LB_E0959_ANNUAL,E0959,ANNUAL,12,0,12,0
LB_E0959_SICK,E0959,SICK,6,0,6,0
LB_E0960_ANNUAL,E0960,ANNUAL,12,0,12,0
LB_E0960_SICK,E0960,SICK,6,0,6,0
LB_E0961_ANNUAL,E0961,ANNUAL,12,0,12,0
LB_E0961_SICK,E0961,SICK,6,0,6,0
LB_E0962_ANNUAL,E0962,ANNUAL,12,0,12,0
LB_E0962_SICK,E0962,SICK,6,0,6,0
LB_E0963_ANNUAL,E0963,ANNUAL,12,0,12,0
LB_E0963_SICK,E0963,SICK,6,0,6,0
LB_E0964_ANNUAL,E0964,ANNUAL,12,0,12,0
LB_E0964_SICK,E0964,SICK,6,0,6,0
LB_E0965_ANNUAL,E0965,ANNUAL,12,0,12,0
LB_E0965_SICK,E0965,SICK,6,0,6,0
LB_E0966_ANNUAL,E0966,ANNUAL,12,0,12,0
LB_E0966_SICK,E0966,SICK,6,0,6,0
LB_E0967_ANNUAL,E0967,ANNUAL,12,0,12,0
LB_E0967_SICK,E0967,SICK,6,0,6,0
LB_E0968_ANNUAL,E0968,ANNUAL,12,0,12,0
LB_E0968_SICK,E0968,SICK,6,0,6,0
LB_E0969_ANNUAL,E0969,ANNUAL,12,0,12,0
LB_E0969_SICK,E0969,SICK,6,0,6,0
LB_E0970_ANNUAL,E0970,ANNUAL,12,0,12,0
LB_E0970_SICK,E0970,SICK,6,0,6,0
LB_E0971_ANNUAL,E0971,ANNUAL,12,0,12,0
LB_E0971_SICK,E0971,SICK,6,0,6,0
LB_E0972_ANNUAL,E0972,ANNUAL,12,0,12,0
LB_E0972_SICK,E0972,SICK,6,0,6,0
LB_E0973_ANNUAL,E0973,ANNUAL,12,0,12,0
LB_E0973_SICK,E0973,SICK,6,0,6,0
LB_E0974_ANNUAL,E0974,ANNUAL,12,0,12,0
LB_E0974_SICK,E0974,SICK,6,0,6,0
LB_E0975_ANNUAL,E0975,ANNUAL,12,0,12,0
LB_E0975_SICK,E0975,SICK,6,0,6,0
LB_E0976_ANNUAL,E0976,ANNUAL,12,0,12,0
LB_E0976_SICK,E0976,SICK,6,0,6,0
LB_E0977_ANNUAL,E0977,ANNUAL,12,0,12,0
LB_E0977_SICK,E0977,SICK,6,0,6,0
LB_E0978_ANNUAL,E0978,ANNUAL,12,0,12,0
LB_E0978_SICK,E0978,SICK,6,0,6,0
LB_E0979_ANNUAL,E0979,ANNUAL,12,0,12,0
LB_E0979_SICK,E0979,SICK,6,0,6,0
LB_E0980_ANNUAL,E0980,ANNUAL,12,0,12,0
LB_E0980_SICK,E0980,SICK,6,0,6,0
LB_E0981_ANNUAL,E0981,ANNUAL,12,0,12,0
LB_E0981_SICK,E0981,SICK,6,0,6,0
LB_E0982_ANNUAL,E0982,ANNUAL,12,0,12,0
LB_E0982_SICK,E0982,SICK,6,0,6,0
LB_E0983_ANNUAL,E0983,ANNUAL,12,0,12,0
LB_E0983_SICK,E0983,SICK,6,0,6,0
LB_E0984_ANNUAL,E0984,ANNUAL,12,0,12,0
LB_E0984_SICK,E0984,SICK,6,0,6,0
LB_E0985_ANNUAL,E0985,ANNUAL,12,0,12,0
LB_E0985_SICK,E0985,SICK,6,0,6,0
LB_E0986_ANNUAL,E0986,ANNUAL,12,0,12,0
LB_E0986_SICK,E0986,SICK,6,0,6,0
LB_E0987_ANNUAL,E0987,ANNUAL,12,0,12,0
LB_E0987_SICK,E0987,SICK,6,0,6,0
LB_E0988_ANNUAL,E0988,ANNUAL,12,0,12,0
LB_E0988_SICK,E0988,SICK,6,0,6,0
LB_E0989_ANNUAL,E0989,ANNUAL,12,0,12,0
LB_E0989_SICK,E0989,SICK,6,0,6,0
LB_E0990_ANNUAL,E0990,ANNUAL,12,0,12,0
LB_E0990_SICK,E0990,SICK,6,0,6,0
LB_E0991_ANNUAL,E0991,ANNUAL,12,0,12,0
LB_E0991_SICK,E0991,SICK,6,0,6,0
LB_E0992_ANNUAL,E0992,ANNUAL,12,0,12,0
LB_E0992_SICK,E0992,SICK,6,0,6,0
LB_E0993_ANNUAL,E0993,ANNUAL,12,0,12,0
LB_E0993_SICK,E0993,SICK,6,0,6,0
LB_E0994_ANNUAL,E0994,ANNUAL,12,0,12,0
LB_E0994_SICK,E0994,SICK,6,0,6,0
LB_E0995_ANNUAL,E0995,ANNUAL,12,0,12,0
LB_E0995_SICK,E0995,SICK,6,0,6,0
LB_E0996_ANNUAL,E0996,ANNUAL,12,0,12,0
LB_E0996_SICK,E0996,SICK,6,0,6,0
LB_E0997_ANNUAL,E0997,ANNUAL,12,0,12,0
LB_E0997_SICK,E0997,SICK,6,0,6,0
LB_E0998_ANNUAL,E0998,ANNUAL,12,0,12,0
LB_E0998_SICK,E0998,SICK,6,0,6,0
LB_E0999_ANNUAL,E0999,ANNUAL,12,0,12,0
LB_E0999_SICK,E0999,SICK,6,0,6,0
LB_E1000_ANNUAL,E1000,ANNUAL,12,0,12,0
LB_E1000_SICK,E1000,SICK,6,0,6,0
LB_E1001_ANNUAL,E1001,ANNUAL,12,0,12,0
LB_E1001_SICK,E1001,SICK,6,0,6,0
LB_E1002_ANNUAL,E1002,ANNUAL,12,0,12,0
LB_E1002_SICK,E1002,SICK,6,0,6,0
LB_E1003_ANNUAL,E1003,ANNUAL,12,0,12,0
LB_E1003_SICK,E1003,SICK,6,0,6,0
LB_E1004_ANNUAL,E1004,ANNUAL,12,0,12,0
LB_E1004_SICK,E1004,SICK,6,0,6,0
LB_E1005_ANNUAL,E1005,ANNUAL,12,0,12,0
LB_E1005_SICK,E1005,SICK,6,0,6,0
LB_E1006_ANNUAL,E1006,ANNUAL,12,0,12,0
LB_E1006_SICK,E1006,SICK,6,0,6,0
LB_E1007_ANNUAL,E1007,ANNUAL,12,0,12,0
LB_E1007_SICK,E1007,SICK,6,0,6,0
LB_E1008_ANNUAL,E1008,ANNUAL,12,0,12,0
LB_E1008_SICK,E1008,SICK,6,0,6,0
LB_E1009_ANNUAL,E1009,ANNUAL,12,0,12,0
LB_E1009_SICK,E1009,SICK,6,0,6,0
LB_E1010_ANNUAL,E1010,ANNUAL,12,0,12,0
LB_E1010_SICK,E1010,SICK,6,0,6,0
LB_E1011_ANNUAL,E1011,ANNUAL,12,0,12,0
LB_E1011_SICK,E1011,SICK,6,0,6,0
LB_E1012_ANNUAL,E1012,ANNUAL,12,0,12,0
LB_E1012_SICK,E1012,SICK,6,0,6,0
LB_E1013_ANNUAL,E1013,ANNUAL,12,0,12,0
LB_E1013_SICK,E1013,SICK,6,0,6,0
LB_E1014_ANNUAL,E1014,ANNUAL,12,0,12,0
LB_E1014_SICK,E1014,SICK,6,0,6,0
LB_E1015_ANNUAL,E1015,ANNUAL,12,0,12,0
LB_E1015_SICK,E1015,SICK,6,0,6,0
LB_E1016_ANNUAL,E1016,ANNUAL,12,0,12,0
LB_E1016_SICK,E1016,SICK,6,0,6,0
LB_E1017_ANNUAL,E1017,ANNUAL,12,0,12,0
LB_E1017_SICK,E1017,SICK,6,0,6,0
LB_E1018_ANNUAL,E1018,ANNUAL,12,0,12,0
LB_E1018_SICK,E1018,SICK,6,0,6,0
LB_E1019_ANNUAL,E1019,ANNUAL,12,0,12,0
LB_E1019_SICK,E1019,SICK,6,0,6,0
LB_E1020_ANNUAL,E1020,ANNUAL,12,0,12,0
LB_E1020_SICK,E1020,SICK,6,0,6,0
LB_E1021_ANNUAL,E1021,ANNUAL,12,0,12,0
LB_E1021_SICK,E1021,SICK,6,0,6,0
LB_E1022_ANNUAL,E1022,ANNUAL,12,0,12,0
LB_E1022_SICK,E1022,SICK,6,0,6,0
LB_E1023_ANNUAL,E1023,ANNUAL,12,0,12,0
LB_E1023_SICK,E1023,SICK,6,0,6,0
LB_E1024_ANNUAL,E1024,ANNUAL,12,0,12,0
LB_E1024_SICK,E1024,SICK,6,0,6,0
LB_E1025_ANNUAL,E1025,ANNUAL,12,0,12,0
LB_E1025_SICK,E1025,SICK,6,0,6,0
LB_E1026_ANNUAL,E1026,ANNUAL,12,0,12,0
LB_E1026_SICK,E1026,SICK,6,0,6,0
LB_E1027_ANNUAL,E1027,ANNUAL,12,0,12,0
LB_E1027_SICK,E1027,SICK,6,0,6,0
LB_E1028_ANNUAL,E1028,ANNUAL,12,0,12,0
LB_E1028_SICK,E1028,SICK,6,0,6,0
LB_E1029_ANNUAL,E1029,ANNUAL,12,0,12,0
LB_E1029_SICK,E1029,SICK,6,0,6,0
LB_E1030_ANNUAL,E1030,ANNUAL,12,0,12,0
LB_E1030_SICK,E1030,SICK,6,0,6,0
LB_E1031_ANNUAL,E1031,ANNUAL,12,0,12,0
LB_E1031_SICK,E1031,SICK,6,0,6,0
LB_E1032_ANNUAL,E1032,ANNUAL,12,0,12,0
LB_E1032_SICK,E1032,SICK,6,0,6,0
LB_E1033_ANNUAL,E1033,ANNUAL,12,0,12,0
LB_E1033_SICK,E1033,SICK,6,0,6,0
LB_E1034_ANNUAL,E1034,ANNUAL,12,0,12,0
LB_E1034_SICK,E1034,SICK,6,0,6,0
LB_E1035_ANNUAL,E1035,ANNUAL,12,0,12,0
LB_E1035_SICK,E1035,SICK,6,0,6,0
LB_E1036_ANNUAL,E1036,ANNUAL,12,0,12,0
LB_E1036_SICK,E1036,SICK,6,0,6,0
LB_E1037_ANNUAL,E1037,ANNUAL,12,0,12,0
LB_E1037_SICK,E1037,SICK,6,0,6,0
LB_E1038_ANNUAL,E1038,ANNUAL,12,0,12,0
LB_E1038_SICK,E1038,SICK,6,0,6,0
LB_E1039_ANNUAL,E1039,ANNUAL,12,0,12,0
LB_E1039_SICK,E1039,SICK,6,0,6,0
LB_E1040_ANNUAL,E1040,ANNUAL,12,0,12,0
LB_E1040_SICK,E1040,SICK,6,0,6,0
LB_E1041_ANNUAL,E1041,ANNUAL,12,0,12,0
LB_E1041_SICK,E1041,SICK,6,0,6,0
LB_E1042_ANNUAL,E1042,ANNUAL,12,0,12,0
LB_E1042_SICK,E1042,SICK,6,0,6,0
LB_E1043_ANNUAL,E1043,ANNUAL,12,0,12,0
LB_E1043_SICK,E1043,SICK,6,0,6,0
LB_E1044_ANNUAL,E1044,ANNUAL,12,0,12,0
LB_E1044_SICK,E1044,SICK,6,0,6,0
LB_E1045_ANNUAL,E1045,ANNUAL,12,0,12,0
LB_E1045_SICK,E1045,SICK,6,0,6,0
LB_E1046_ANNUAL,E1046,ANNUAL,12,0,12,0
LB_E1046_SICK,E1046,SICK,6,0,6,0
LB_E1047_ANNUAL,E1047,ANNUAL,12,0,12,0
LB_E1047_SICK,E1047,SICK,6,0,6,0
LB_E1048_ANNUAL,E1048,ANNUAL,12,0,12,0
LB_E1048_SICK,E1048,SICK,6,0,6,0
LB_E1049_ANNUAL,E1049,ANNUAL,12,0,12,0
LB_E1049_SICK,E1049,SICK,6,0,6,0
LB_E1050_ANNUAL,E1050,ANNUAL,12,0,12,0
LB_E1050_SICK,E1050,SICK,6,0,6,0
LB_E1051_ANNUAL,E1051,ANNUAL,12,0,12,0
LB_E1051_SICK,E1051,SICK,6,0,6,0
LB_E1052_ANNUAL,E1052,ANNUAL,12,0,12,0
LB_E1052_SICK,E1052,SICK,6,0,6,0
LB_E1053_ANNUAL,E1053,ANNUAL,12,0,12,0
LB_E1053_SICK,E1053,SICK,6,0,6,0
LB_E1054_ANNUAL,E1054,ANNUAL,12,0,12,0
LB_E1054_SICK,E1054,SICK,6,0,6,0
LB_E1055_ANNUAL,E1055,ANNUAL,12,0,12,0
LB_E1055_SICK,E1055,SICK,6,0,6,0
LB_E1056_ANNUAL,E1056,ANNUAL,12,0,12,0
LB_E1056_SICK,E1056,SICK,6,0,6,0
LB_E1057_ANNUAL,E1057,ANNUAL,12,0,12,0
LB_E1057_SICK,E1057,SICK,6,0,6,0
LB_E1058_ANNUAL,E1058,ANNUAL,12,0,12,0
LB_E1058_SICK,E1058,SICK,6,0,6,0
LB_E1059_ANNUAL,E1059,ANNUAL,12,0,12,0
LB_E1059_SICK,E1059,SICK,6,0,6,0
LB_E1060_ANNUAL,E1060,ANNUAL,12,0,12,0
LB_E1060_SICK,E1060,SICK,6,0,6,0
LB_E1061_ANNUAL,E1061,ANNUAL,12,0,12,0
LB_E1061_SICK,E1061,SICK,6,0,6,0
LB_E1062_ANNUAL,E1062,ANNUAL,12,0,12,0
LB_E1062_SICK,E1062,SICK,6,0,6,0
LB_E1063_ANNUAL,E1063,ANNUAL,12,0,12,0
LB_E1063_SICK,E1063,SICK,6,0,6,0
LB_E1064_ANNUAL,E1064,ANNUAL,12,0,12,0
LB_E1064_SICK,E1064,SICK,6,0,6,0
LB_E1065_ANNUAL,E1065,ANNUAL,12,0,12,0
LB_E1065_SICK,E1065,SICK,6,0,6,0
LB_E1066_ANNUAL,E1066,ANNUAL,12,0,12,0
LB_E1066_SICK,E1066,SICK,6,0,6,0
LB_E1067_ANNUAL,E1067,ANNUAL,12,0,12,0
LB_E1067_SICK,E1067,SICK,6,0,6,0
LB_E1068_ANNUAL,E1068,ANNUAL,12,0,12,0
LB_E1068_SICK,E1068,SICK,6,0,6,0
LB_E1069_ANNUAL,E1069,ANNUAL,12,0,12,0
LB_E1069_SICK,E1069,SICK,6,0,6,0
LB_E1070_ANNUAL,E1070,ANNUAL,12,0,12,0
LB_E1070_SICK,E1070,SICK,6,0,6,0
LB_E1071_ANNUAL,E1071,ANNUAL,12,0,12,0
LB_E1071_SICK,E1071,SICK,6,0,6,0
LB_E1072_ANNUAL,E1072,ANNUAL,12,0,12,0
LB_E1072_SICK,E1072,SICK,6,0,6,0
LB_E1073_ANNUAL,E1073,ANNUAL,12,0,12,0
LB_E1073_SICK,E1073,SICK,6,0,6,0
LB_E1074_ANNUAL,E1074,ANNUAL,12,0,12,0
LB_E1074_SICK,E1074,SICK,6,0,6,0
LB_E1075_ANNUAL,E1075,ANNUAL,12,0,12,0
LB_E1075_SICK,E1075,SICK,6,0,6,0
LB_E1076_ANNUAL,E1076,ANNUAL,12,0,12,0
LB_E1076_SICK,E1076,SICK,6,0,6,0
LB_E1077_ANNUAL,E1077,ANNUAL,12,0,12,0
LB_E1077_SICK,E1077,SICK,6,0,6,0
LB_E1078_ANNUAL,E1078,ANNUAL,12,0,12,0
LB_E1078_SICK,E1078,SICK,6,0,6,0
LB_E1079_ANNUAL,E1079,ANNUAL,12,0,12,0
LB_E1079_SICK,E1079,SICK,6,0,6,0
LB_E1080_ANNUAL,E1080,ANNUAL,12,0,12,0
LB_E1080_SICK,E1080,SICK,6,0,6,0
LB_E1081_ANNUAL,E1081,ANNUAL,12,0,12,0
LB_E1081_SICK,E1081,SICK,6,0,6,0
LB_E1082_ANNUAL,E1082,ANNUAL,12,0,12,0
LB_E1082_SICK,E1082,SICK,6,0,6,0
LB_E1083_ANNUAL,E1083,ANNUAL,12,0,12,0
LB_E1083_SICK,E1083,SICK,6,0,6,0
LB_E1084_ANNUAL,E1084,ANNUAL,12,0,12,0
LB_E1084_SICK,E1084,SICK,6,0,6,0
LB_E1085_ANNUAL,E1085,ANNUAL,12,0,12,0
LB_E1085_SICK,E1085,SICK,6,0,6,0
LB_E1086_ANNUAL,E1086,ANNUAL,12,0,12,0
LB_E1086_SICK,E1086,SICK,6,0,6,0
LB_E1087_ANNUAL,E1087,ANNUAL,12,0,12,0
LB_E1087_SICK,E1087,SICK,6,0,6,0
LB_E1088_ANNUAL,E1088,ANNUAL,12,0,12,0
LB_E1088_SICK,E1088,SICK,6,0,6,0
LB_E1089_ANNUAL,E1089,ANNUAL,12,0,12,0
LB_E1089_SICK,E1089,SICK,6,0,6,0
LB_E1090_ANNUAL,E1090,ANNUAL,12,0,12,0
LB_E1090_SICK,E1090,SICK,6,0,6,0
LB_E1091_ANNUAL,E1091,ANNUAL,12,0,12,0
LB_E1091_SICK,E1091,SICK,6,0,6,0
LB_E1092_ANNUAL,E1092,ANNUAL,12,0,12,0
LB_E1092_SICK,E1092,SICK,6,0,6,0
LB_E1093_ANNUAL,E1093,ANNUAL,12,0,12,0
LB_E1093_SICK,E1093,SICK,6,0,6,0
LB_E1094_ANNUAL,E1094,ANNUAL,12,0,12,0
LB_E1094_SICK,E1094,SICK,6,0,6,0
LB_E1095_ANNUAL,E1095,ANNUAL,12,0,12,0
LB_E1095_SICK,E1095,SICK,6,0,6,0
LB_E1096_ANNUAL,E1096,ANNUAL,12,0,12,0
LB_E1096_SICK,E1096,SICK,6,0,6,0
LB_E1097_ANNUAL,E1097,ANNUAL,12,0,12,0
LB_E1097_SICK,E1097,SICK,6,0,6,0
LB_E1098_ANNUAL,E1098,ANNUAL,12,0,12,0
LB_E1098_SICK,E1098,SICK,6,0,6,0
LB_E1099_ANNUAL,E1099,ANNUAL,12,0,12,0
LB_E1099_SICK,E1099,SICK,6,0,6,0
LB_E1100_ANNUAL,E1100,ANNUAL,12,0,12,0
LB_E1100_SICK,E1100,SICK,6,0,6,0
LB_E1101_ANNUAL,E1101,ANNUAL,12,0,12,0
LB_E1101_SICK,E1101,SICK,6,0,6,0
LB_E1102_ANNUAL,E1102,ANNUAL,12,0,12,0
LB_E1102_SICK,E1102,SICK,6,0,6,0
LB_E1103_ANNUAL,E1103,ANNUAL,12,0,12,0
LB_E1103_SICK,E1103,SICK,6,0,6,0
LB_E1104_ANNUAL,E1104,ANNUAL,12,0,12,0
LB_E1104_SICK,E1104,SICK,6,0,6,0
LB_E1105_ANNUAL,E1105,ANNUAL,12,0,12,0
LB_E1105_SICK,E1105,SICK,6,0,6,0
LB_E1106_ANNUAL,E1106,ANNUAL,12,0,12,0
LB_E1106_SICK,E1106,SICK,6,0,6,0
LB_E1107_ANNUAL,E1107,ANNUAL,12,0,12,0
LB_E1107_SICK,E1107,SICK,6,0,6,0
LB_E1108_ANNUAL,E1108,ANNUAL,12,0,12,0
LB_E1108_SICK,E1108,SICK,6,0,6,0
LB_E1109_ANNUAL,E1109,ANNUAL,12,0,12,0
LB_E1109_SICK,E1109,SICK,6,0,6,0
LB_E1110_ANNUAL,E1110,ANNUAL,12,0,12,0
LB_E1110_SICK,E1110,SICK,6,0,6,0
LB_E1111_ANNUAL,E1111,ANNUAL,12,0,12,0
LB_E1111_SICK,E1111,SICK,6,0,6,0
LB_E1112_ANNUAL,E1112,ANNUAL,12,0,12,0
LB_E1112_SICK,E1112,SICK,6,0,6,0
LB_E1113_ANNUAL,E1113,ANNUAL,12,0,12,0
LB_E1113_SICK,E1113,SICK,6,0,6,0
LB_E1114_ANNUAL,E1114,ANNUAL,12,0,12,0
LB_E1114_SICK,E1114,SICK,6,0,6,0
LB_E1115_ANNUAL,E1115,ANNUAL,12,0,12,0
LB_E1115_SICK,E1115,SICK,6,0,6,0
LB_E1116_ANNUAL,E1116,ANNUAL,12,0,12,0
LB_E1116_SICK,E1116,SICK,6,0,6,0
LB_E1117_ANNUAL,E1117,ANNUAL,12,0,12,0
LB_E1117_SICK,E1117,SICK,6,0,6,0
LB_E1118_ANNUAL,E1118,ANNUAL,12,0,12,0
LB_E1118_SICK,E1118,SICK,6,0,6,0
LB_E1119_ANNUAL,E1119,ANNUAL,12,0,12,0
LB_E1119_SICK,E1119,SICK,6,0,6,0
LB_E1120_ANNUAL,E1120,ANNUAL,12,0,12,0
LB_E1120_SICK,E1120,SICK,6,0,6,0
LB_E1121_ANNUAL,E1121,ANNUAL,12,0,12,0
LB_E1121_SICK,E1121,SICK,6,0,6,0
LB_E1122_ANNUAL,E1122,ANNUAL,12,0,12,0
LB_E1122_SICK,E1122,SICK,6,0,6,0
LB_E1123_ANNUAL,E1123,ANNUAL,12,0,12,0
LB_E1123_SICK,E1123,SICK,6,0,6,0
LB_E1124_ANNUAL,E1124,ANNUAL,12,0,12,0
LB_E1124_SICK,E1124,SICK,6,0,6,0
LB_E1125_ANNUAL,E1125,ANNUAL,12,0,12,0
LB_E1125_SICK,E1125,SICK,6,0,6,0
LB_E1126_ANNUAL,E1126,ANNUAL,12,0,12,0
LB_E1126_SICK,E1126,SICK,6,0,6,0
LB_E1127_ANNUAL,E1127,ANNUAL,12,0,12,0
LB_E1127_SICK,E1127,SICK,6,0,6,0
LB_E1128_ANNUAL,E1128,ANNUAL,12,0,12,0
LB_E1128_SICK,E1128,SICK,6,0,6,0
LB_E1129_ANNUAL,E1129,ANNUAL,12,0,12,0
LB_E1129_SICK,E1129,SICK,6,0,6,0
LB_E1130_ANNUAL,E1130,ANNUAL,12,0,12,0
LB_E1130_SICK,E1130,SICK,6,0,6,0
LB_E1131_ANNUAL,E1131,ANNUAL,12,0,12,0
LB_E1131_SICK,E1131,SICK,6,0,6,0
LB_E1132_ANNUAL,E1132,ANNUAL,12,0,12,0
LB_E1132_SICK,E1132,SICK,6,0,6,0
LB_E1133_ANNUAL,E1133,ANNUAL,12,0,12,0
LB_E1133_SICK,E1133,SICK,6,0,6,0
LB_E1134_ANNUAL,E1134,ANNUAL,12,0,12,0
LB_E1134_SICK,E1134,SICK,6,0,6,0
LB_E1135_ANNUAL,E1135,ANNUAL,12,0,12,0
LB_E1135_SICK,E1135,SICK,6,0,6,0
LB_E1136_ANNUAL,E1136,ANNUAL,12,0,12,0
LB_E1136_SICK,E1136,SICK,6,0,6,0
LB_E1137_ANNUAL,E1137,ANNUAL,12,0,12,0
LB_E1137_SICK,E1137,SICK,6,0,6,0
LB_E1138_ANNUAL,E1138,ANNUAL,12,0,12,0
LB_E1138_SICK,E1138,SICK,6,0,6,0
LB_E1139_ANNUAL,E1139,ANNUAL,12,0,12,0
LB_E1139_SICK,E1139,SICK,6,0,6,0
LB_E1140_ANNUAL,E1140,ANNUAL,12,0,12,0
LB_E1140_SICK,E1140,SICK,6,0,6,0
LB_E1141_ANNUAL,E1141,ANNUAL,12,0,12,0
LB_E1141_SICK,E1141,SICK,6,0,6,0
LB_E1142_ANNUAL,E1142,ANNUAL,12,0,12,0
LB_E1142_SICK,E1142,SICK,6,0,6,0
LB_E1143_ANNUAL,E1143,ANNUAL,12,0,12,0
LB_E1143_SICK,E1143,SICK,6,0,6,0
LB_E1144_ANNUAL,E1144,ANNUAL,12,0,12,0
LB_E1144_SICK,E1144,SICK,6,0,6,0
LB_E1145_ANNUAL,E1145,ANNUAL,12,0,12,0
LB_E1145_SICK,E1145,SICK,6,0,6,0
LB_E1146_ANNUAL,E1146,ANNUAL,12,0,12,0
LB_E1146_SICK,E1146,SICK,6,0,6,0
LB_E1147_ANNUAL,E1147,ANNUAL,12,0,12,0
LB_E1147_SICK,E1147,SICK,6,0,6,0
LB_E1148_ANNUAL,E1148,ANNUAL,12,0,12,0
LB_E1148_SICK,E1148,SICK,6,0,6,0
LB_E1149_ANNUAL,E1149,ANNUAL,12,0,12,0
LB_E1149_SICK,E1149,SICK,6,0,6,0
LB_E1150_ANNUAL,E1150,ANNUAL,12,0,12,0
LB_E1150_SICK,E1150,SICK,6,0,6,0
LB_E1151_ANNUAL,E1151,ANNUAL,12,0,12,0
LB_E1151_SICK,E1151,SICK,6,0,6,0
LB_E1152_ANNUAL,E1152,ANNUAL,12,0,12,0
LB_E1152_SICK,E1152,SICK,6,0,6,0
LB_E1153_ANNUAL,E1153,ANNUAL,12,0,12,0
LB_E1153_SICK,E1153,SICK,6,0,6,0
LB_E1154_ANNUAL,E1154,ANNUAL,12,0,12,0
LB_E1154_SICK,E1154,SICK,6,0,6,0
LB_E1155_ANNUAL,E1155,ANNUAL,12,0,12,0
LB_E1155_SICK,E1155,SICK,6,0,6,0
LB_E1156_ANNUAL,E1156,ANNUAL,12,0,12,0
LB_E1156_SICK,E1156,SICK,6,0,6,0
LB_E1157_ANNUAL,E1157,ANNUAL,12,0,12,0
LB_E1157_SICK,E1157,SICK,6,0,6,0
LB_E1158_ANNUAL,E1158,ANNUAL,12,0,12,0
LB_E1158_SICK,E1158,SICK,6,0,6,0
LB_E1159_ANNUAL,E1159,ANNUAL,12,0,12,0
LB_E1159_SICK,E1159,SICK,6,0,6,0
LB_E1160_ANNUAL,E1160,ANNUAL,12,0,12,0
LB_E1160_SICK,E1160,SICK,6,0,6,0
LB_E1161_ANNUAL,E1161,ANNUAL,12,0,12,0
LB_E1161_SICK,E1161,SICK,6,0,6,0
LB_E1162_ANNUAL,E1162,ANNUAL,12,0,12,0
LB_E1162_SICK,E1162,SICK,6,0,6,0
LB_E1163_ANNUAL,E1163,ANNUAL,12,0,12,0
LB_E1163_SICK,E1163,SICK,6,0,6,0
LB_E1164_ANNUAL,E1164,ANNUAL,12,0,12,0
LB_E1164_SICK,E1164,SICK,6,0,6,0
LB_E1165_ANNUAL,E1165,ANNUAL,12,0,12,0
LB_E1165_SICK,E1165,SICK,6,0,6,0
LB_E1166_ANNUAL,E1166,ANNUAL,12,0,12,0
LB_E1166_SICK,E1166,SICK,6,0,6,0
LB_E1167_ANNUAL,E1167,ANNUAL,12,0,12,0
LB_E1167_SICK,E1167,SICK,6,0,6,0
LB_E1168_ANNUAL,E1168,ANNUAL,12,0,12,0
LB_E1168_SICK,E1168,SICK,6,0,6,0
LB_E1169_ANNUAL,E1169,ANNUAL,12,0,12,0
LB_E1169_SICK,E1169,SICK,6,0,6,0
LB_E1170_ANNUAL,E1170,ANNUAL,12,0,12,0
LB_E1170_SICK,E1170,SICK,6,0,6,0
LB_E1171_ANNUAL,E1171,ANNUAL,12,0,12,0
LB_E1171_SICK,E1171,SICK,6,0,6,0
LB_E1172_ANNUAL,E1172,ANNUAL,12,0,12,0
LB_E1172_SICK,E1172,SICK,6,0,6,0
LB_E1173_ANNUAL,E1173,ANNUAL,12,0,12,0
LB_E1173_SICK,E1173,SICK,6,0,6,0
LB_E1174_ANNUAL,E1174,ANNUAL,12,0,12,0
LB_E1174_SICK,E1174,SICK,6,0,6,0
LB_E1175_ANNUAL,E1175,ANNUAL,12,0,12,0
LB_E1175_SICK,E1175,SICK,6,0,6,0
LB_E1176_ANNUAL,E1176,ANNUAL,12,0,12,0
LB_E1176_SICK,E1176,SICK,6,0,6,0
LB_E1177_ANNUAL,E1177,ANNUAL,12,0,12,0
LB_E1177_SICK,E1177,SICK,6,0,6,0
LB_E1178_ANNUAL,E1178,ANNUAL,12,0,12,0
LB_E1178_SICK,E1178,SICK,6,0,6,0
LB_E1179_ANNUAL,E1179,ANNUAL,12,0,12,0
LB_E1179_SICK,E1179,SICK,6,0,6,0
LB_E1180_ANNUAL,E1180,ANNUAL,12,0,12,0
LB_E1180_SICK,E1180,SICK,6,0,6,0
LB_E1181_ANNUAL,E1181,ANNUAL,12,0,12,0
LB_E1181_SICK,E1181,SICK,6,0,6,0
LB_E1182_ANNUAL,E1182,ANNUAL,12,0,12,0
LB_E1182_SICK,E1182,SICK,6,0,6,0
LB_E1183_ANNUAL,E1183,ANNUAL,12,0,12,0
LB_E1183_SICK,E1183,SICK,6,0,6,0
LB_E1184_ANNUAL,E1184,ANNUAL,12,0,12,0
LB_E1184_SICK,E1184,SICK,6,0,6,0
LB_E1185_ANNUAL,E1185,ANNUAL,12,0,12,0
LB_E1185_SICK,E1185,SICK,6,0,6,0
LB_E1186_ANNUAL,E1186,ANNUAL,12,0,12,0
LB_E1186_SICK,E1186,SICK,6,0,6,0
LB_E1187_ANNUAL,E1187,ANNUAL,12,0,12,0
LB_E1187_SICK,E1187,SICK,6,0,6,0
LB_E1188_ANNUAL,E1188,ANNUAL,12,0,12,0
LB_E1188_SICK,E1188,SICK,6,0,6,0
LB_E1189_ANNUAL,E1189,ANNUAL,12,0,12,0
LB_E1189_SICK,E1189,SICK,6,0,6,0
LB_E1190_ANNUAL,E1190,ANNUAL,12,0,12,0
LB_E1190_SICK,E1190,SICK,6,0,6,0
LB_E1191_ANNUAL,E1191,ANNUAL,12,0,12,0
LB_E1191_SICK,E1191,SICK,6,0,6,0
LB_E1192_ANNUAL,E1192,ANNUAL,12,0,12,0
LB_E1192_SICK,E1192,SICK,6,0,6,0
LB_E1193_ANNUAL,E1193,ANNUAL,12,0,12,0
LB_E1193_SICK,E1193,SICK,6,0,6,0
LB_E1194_ANNUAL,E1194,ANNUAL,12,0,12,0
LB_E1194_SICK,E1194,SICK,6,0,6,0
LB_E1195_ANNUAL,E1195,ANNUAL,12,0,12,0
LB_E1195_SICK,E1195,SICK,6,0,6,0
LB_E1196_ANNUAL,E1196,ANNUAL,12,0,12,0
LB_E1196_SICK,E1196,SICK,6,0,6,0
LB_E1197_ANNUAL,E1197,ANNUAL,12,0,12,0
LB_E1197_SICK,E1197,SICK,6,0,6,0
LB_E1198_ANNUAL,E1198,ANNUAL,12,0,12,0
LB_E1198_SICK,E1198,SICK,6,0,6,0
LB_E1199_ANNUAL,E1199,ANNUAL,12,0,12,0
LB_E1199_SICK,E1199,SICK,6,0,6,0
LB_E1200_ANNUAL,E1200,ANNUAL,12,0,12,0
LB_E1200_SICK,E1200,SICK,6,0,6,0
