id,version,employeeId,type,days,status
LR_E0003_01_2023,1,E0003,ANNUAL,3,PENDING
LR_E0020_01_2023,1,E0020,SICK,1,PENDING
LR_E0026_01_2023,1,E0026,ANNUAL,2,PENDING
LR_E0035_01_2023,1,E0035,ANNUAL,1,PENDING
LR_E0036_01_2023,1,E0036,ANNUAL,1,PENDING
LR_E0056_01_2023,1,E0056,ANNUAL,2,PENDING
LR_E0059_01_2023,1,E0059,SICK,1,PENDING
LR_E0060_01_2023,1,E0060,SICK,1,PENDING
LR_E0070_01_2023,1,E0070,SICK,1,PENDING
LR_E0077_01_2023,1,E0077,SICK,1,PENDING
LR_E0081_01_2023,1,E0081,ANNUAL,2,PENDING
LR_E0095_01_2023,1,E0095,ANNUAL,2,PENDING
LR_E0107_01_2023,1,E0107,SICK,1,PENDING
LR_E0137_01_2023,1,E0137,ANNUAL,1,PENDING
LR_E0153_01_2023,1,E0153,SICK,3,PENDING
LR_E0163_01_2023,1,E0163,ANNUAL,3,PENDING
LR_E0164_01_2023,1,E0164,SICK,1,PENDING
LR_E0166_01_2023,1,E0166,SICK,2,PENDING
LR_E0176_01_2023,1,E0176,ANNUAL,3,PENDING
LR_E0178_01_2023,1,E0178,ANNUAL,1,PENDING
LR_E0190_01_2023,1,E0190,ANNUAL,2,PENDING
LR_E0200_01_2023,1,E0200,ANNUAL,3,PENDING
LR_E0204_01_2023,1,E0204,SICK,2,PENDING
LR_E0212_01_2023,1,E0212,SICK,1,PENDING
LR_E0215_01_2023,1,E0215,ANNUAL,3,PENDING
LR_E0220_01_2023,1,E0220,ANNUAL,1,PENDING
LR_E0239_01_2023,1,E0239,SICK,3,PENDING
LR_E0248_01_2023,1,E0248,ANNUAL,3,PENDING
LR_E0257_01_2023,1,E0257,ANNUAL,2,PENDING
LR_E0264_01_2023,1,E0264,ANNUAL,1,PENDING
LR_E0265_01_2023,1,E0265,ANNUAL,3,PENDING
LR_E0266_01_2023,1,E0266,SICK,2,PENDING
LR_E0267_01_2023,1,E0267,SICK,3,PENDING
LR_E0283_01_2023,1,E0283,SICK,1,PENDING
LR_E0290_01_2023,1,E0290,SICK,2,PENDING
LR_E0302_01_2023,1,E0302,ANNUAL,1,PENDING
LR_E0309_01_2023,1,E0309,SICK,1,PENDING
LR_E0313_01_2023,1,E0313,ANNUAL,2,PENDING
LR_E0314_01_2023,1,E0314,ANNUAL,1,PENDING
LR_E0322_01_2023,1,E0322,SICK,1,PENDING
LR_E0337_01_2023,1,E0337,SICK,2,PENDING
LR_E0338_01_2023,1,E0338,ANNUAL,1,PENDING
LR_E0348_01_2023,1,E0348,SICK,3,PENDING
LR_E0376_01_2023,1,E0376,ANNUAL,1,PENDING
LR_E0386_01_2023,1,E0386,SICK,3,PENDING
LR_E0389_01_2023,1,E0389,ANNUAL,2,PENDING
LR_E0392_01_2023,1,E0392,SICK,2,PENDING
LR_E0397_01_2023,1,E0397,ANNUAL,1,PENDING
LR_E0401_01_2023,1,E0401,SICK,3,PENDING
LR_E0433_01_2023,1,E0433,ANNUAL,3,PENDING
LR_E0434_01_2023,1,E0434,ANNUAL,1,PENDING
LR_E0451_01_2023,1,E0451,ANNUAL,1,PENDING
LR_E0454_01_2023,1,E0454,ANNUAL,2,PENDING
LR_E0458_01_2023,1,E0458,ANNUAL,2,PENDING
LR_E0463_01_2023,1,E0463,ANNUAL,2,PENDING
LR_E0475_01_2023,1,E0475,ANNUAL,1,PENDING
LR_E0478_01_2023,1,E0478,SICK,1,PENDING
LR_E0480_01_2023,1,E0480,ANNUAL,2,PENDING
LR_E0483_01_2023,1,E0483,ANNUAL,2,PENDING
LR_E0488_01_2023,1,E0488,ANNUAL,1,PENDING
LR_E0504_01_2023,1,E0504,ANNUAL,1,PENDING
LR_E0508_01_2023,1,E0508,ANNUAL,1,PENDING
LR_E0517_01_2023,1,E0517,ANNUAL,3,PENDING
LR_E0518_01_2023,1,E0518,SICK,3,PENDING
LR_E0527_01_2023,1,E0527,ANNUAL,1,PENDING
LR_E0532_01_2023,1,E0532,SICK,1,PENDING
LR_E0535_01_2023,1,E0535,ANNUAL,1,PENDING
LR_E0544_01_2023,1,E0544,ANNUAL,3,PENDING
LR_E0566_01_2023,1,E0566,ANNUAL,1,PENDING
LR_E0580_01_2023,1,E0580,ANNUAL,2,PENDING
LR_E0581_01_2023,1,E0581,ANNUAL,1,PENDING
LR_E0594_01_2023,1,E0594,ANNUAL,1,PENDING
LR_E0595_01_2023,1,E0595,ANNUAL,3,PENDING
LR_E0628_01_2023,1,E0628,ANNUAL,1,PENDING
LR_E0650_01_2023,1,E0650,ANNUAL,3,PENDING
LR_E0669_01_2023,1,E0669,ANNUAL,1,PENDING
LR_E0670_01_2023,1,E0670,ANNUAL,1,PENDING
LR_E0671_01_2023,1,E0671,ANNUAL,2,PENDING
LR_E0700_01_2023,1,E0700,SICK,2,PENDING
LR_E0701_01_2023,1,E0701,SICK,3,PENDING
LR_E0704_01_2023,1,E0704,SICK,1,PENDING
LR_E0717_01_2023,1,E0717,ANNUAL,3,PENDING
LR_E0736_01_2023,1,E0736,ANNUAL,1,PENDING
LR_E0743_01_2023,1,E0743,SICK,1,PENDING
LR_E0759_01_2023,1,E0759,ANNUAL,1,PENDING
LR_E0763_01_2023,1,E0763,ANNUAL,2,PENDING
LR_E0769_01_2023,1,E0769,SICK,3,PENDING
LR_E0773_01_2023,1,E0773,ANNUAL,1,PENDING
LR_E0780_01_2023,1,E0780,SICK,2,PENDING
LR_E0783_01_2023,1,E0783,SICK,3,PENDING
LR_E0792_01_2023,1,E0792,SICK,3,PENDING
LR_E0798_01_2023,1,E0798,SICK,1,PENDING
LR_E0805_01_2023,1,E0805,SICK,2,PENDING
LR_E0822_01_2023,1,E0822,SICK,2,PENDING
LR_E0847_01_2023,1,E0847,ANNUAL,3,PENDING
LR_E0861_01_2023,1,E0861,SICK,3,PENDING
LR_E0875_01_2023,1,E0875,SICK,3,PENDING
LR_E0878_01_2023,1,E0878,SICK,3,PENDING
LR_E0882_01_2023,1,E0882,SICK,1,PENDING
LR_E0885_01_2023,1,E0885,ANNUAL,3,PENDING
LR_E0891_01_2023,1,E0891,SICK,3,PENDING
LR_E0915_01_2023,1,E0915,SICK,1,PENDING
LR_E0916_01_2023,1,E0916,SICK,2,PENDING
LR_E0923_01_2023,1,E0923,SICK,2,PENDING
LR_E0927_01_2023,1,E0927,SICK,3,PENDING
LR_E0937_01_2023,1,E0937,SICK,1,PENDING
LR_E0946_01_2023,1,E0946,ANNUAL,3,PENDING
LR_E0947_01_2023,1,E0947,SICK,3,PENDING
LR_E0965_01_2023,1,E0965,SICK,3,PENDING
LR_E0971_01_2023,1,E0971,SICK,2,PENDING
LR_E0977_01_2023,1,E0977,ANNUAL,2,PENDING
LR_E0990_01_2023,1,E0990,SICK,1,PENDING
LR_E0995_01_2023,1,E0995,ANNUAL,1,PENDING
LR_E1008_01_2023,1,E1008,SICK,1,PENDING
LR_E1010_01_2023,1,E1010,ANNUAL,1,PENDING
LR_E1018_01_2023,1,E1018,ANNUAL,2,PENDING
LR_E1031_01_2023,1,E1031,SICK,2,PENDING
LR_E1042_01_2023,1,E1042,SICK,1,PENDING
LR_E1043_01_2023,1,E1043,ANNUAL,2,PENDING
LR_E1068_01_2023,1,E1068,ANNUAL,1,PENDING
LR_E1070_01_2023,1,E1070,SICK,1,PENDING
LR_E1082_01_2023,1,E1082,ANNUAL,2,PENDING
LR_E1106_01_2023,1,E1106,ANNUAL,2,PENDING
LR_E1117_01_2023,1,E1117,SICK,1,PENDING
LR_E1125_01_2023,1,E1125,SICK,1,PENDING
LR_E1129_01_2023,1,E1129,ANNUAL,3,PENDING
LR_E1133_01_2023,1,E1133,ANNUAL,3,PENDING
LR_E1134_01_2023,1,E1134,ANNUAL,3,PENDING
LR_E1158_01_2023,1,E1158,SICK,3,PENDING
LR_E1162_01_2023,1,E1162,ANNUAL,1,PENDING
LR_E1164_01_2023,1,E1164,SICK,3,PENDING
LR_E1174_01_2023,1,E1174,SICK,1,PENDING
LR_E1189_01_2023,1,E1189,ANNUAL,2,PENDING
LR_E0001_02_2023,1,E0001,SICK,1,PENDING
LR_E0020_02_2023,1,E0020,ANNUAL,3,PENDING
LR_E0029_02_2023,1,E0029,SICK,1,PENDING
LR_E0039_02_2023,1,E0039,SICK,2,PENDING
LR_E0047_02_2023,1,E0047,SICK,2,PENDING
LR_E0075_02_2023,1,E0075,ANNUAL,2,PENDING
LR_E0085_02_2023,1,E0085,ANNUAL,3,PENDING
LR_E0091_02_2023,1,E0091,ANNUAL,3,PENDING
LR_E0099_02_2023,1,E0099,ANNUAL,2,PENDING
LR_E0110_02_2023,1,E0110,SICK,1,PENDING
LR_E0115_02_2023,1,E0115,ANNUAL,3,PENDING
LR_E0133_02_2023,1,E0133,ANNUAL,1,PENDING
LR_E0134_02_2023,1,E0134,SICK,1,PENDING
LR_E0137_02_2023,1,E0137,SICK,1,PENDING
LR_E0141_02_2023,1,E0141,ANNUAL,3,PENDING
LR_E0144_02_2023,1,E0144,ANNUAL,1,PENDING
LR_E0152_02_2023,1,E0152,ANNUAL,3,PENDING
LR_E0155_02_2023,1,E0155,ANNUAL,2,PENDING
LR_E0157_02_2023,1,E0157,SICK,3,PENDING
LR_E0163_02_2023,1,E0163,SICK,2,PENDING
LR_E0184_02_2023,1,E0184,SICK,2,PENDING
LR_E0188_02_2023,1,E0188,ANNUAL,3,PENDING
LR_E0192_02_2023,1,E0192,ANNUAL,1,PENDING
LR_E0199_02_2023,1,E0199,SICK,2,PENDING
LR_E0214_02_2023,1,E0214,SICK,3,PENDING
LR_E0222_02_2023,1,E0222,ANNUAL,2,PENDING
LR_E0239_02_2023,1,E0239,SICK,3,PENDING
LR_E0243_02_2023,1,E0243,ANNUAL,3,PENDING
LR_E0245_02_2023,1,E0245,SICK,2,PENDING
LR_E0249_02_2023,1,E0249,SICK,2,PENDING
LR_E0250_02_2023,1,E0250,SICK,2,PENDING
LR_E0253_02_2023,1,E0253,SICK,2,PENDING
LR_E0274_02_2023,1,E0274,SICK,1,PENDING
LR_E0287_02_2023,1,E0287,SICK,2,PENDING
LR_E0301_02_2023,1,E0301,ANNUAL,1,PENDING
LR_E0305_02_2023,1,E0305,SICK,2,PENDING
LR_E0308_02_2023,1,E0308,ANNUAL,3,PENDING
LR_E0316_02_2023,1,E0316,ANNUAL,3,PENDING
LR_E0318_02_2023,1,E0318,ANNUAL,1,PENDING
LR_E0334_02_2023,1,E0334,ANNUAL,1,PENDING
LR_E0339_02_2023,1,E0339,SICK,1,PENDING
LR_E0343_02_2023,1,E0343,ANNUAL,1,PENDING
LR_E0360_02_2023,1,E0360,ANNUAL,3,PENDING
LR_E0368_02_2023,1,E0368,ANNUAL,1,PENDING
LR_E0370_02_2023,1,E0370,ANNUAL,1,PENDING
LR_E0372_02_2023,1,E0372,ANNUAL,3,PENDING
LR_E0378_02_2023,1,E0378,SICK,2,PENDING
LR_E0383_02_2023,1,E0383,ANNUAL,3,PENDING
LR_E0393_02_2023,1,E0393,ANNUAL,3,PENDING
LR_E0409_02_2023,1,E0409,ANNUAL,2,PENDING
LR_E0423_02_2023,1,E0423,ANNUAL,1,PENDING
LR_E0430_02_2023,1,E0430,ANNUAL,1,PENDING
LR_E0435_02_2023,1,E0435,SICK,1,PENDING
LR_E0443_02_2023,1,E0443,SICK,2,PENDING
LR_E0447_02_2023,1,E0447,SICK,2,PENDING
LR_E0449_02_2023,1,E0449,ANNUAL,2,PENDING
LR_E0455_02_2023,1,E0455,SICK,2,PENDING
LR_E0456_02_2023,1,E0456,ANNUAL,1,PENDING
LR_E0463_02_2023,1,E0463,SICK,1,PENDING
LR_E0467_02_2023,1,E0467,ANNUAL,1,PENDING
LR_E0468_02_2023,1,E0468,ANNUAL,2,PENDING
LR_E0477_02_2023,1,E0477,ANNUAL,3,PENDING
LR_E0478_02_2023,1,E0478,ANNUAL,3,PENDING
LR_E0485_02_2023,1,E0485,SICK,3,PENDING
LR_E0497_02_2023,1,E0497,ANNUAL,2,PENDING
LR_E0504_02_2023,1,E0504,ANNUAL,2,PENDING
LR_E0505_02_2023,1,E0505,SICK,2,PENDING
LR_E0521_02_2023,1,E0521,SICK,1,PENDING
LR_E0528_02_2023,1,E0528,ANNUAL,2,PENDING
LR_E0540_02_2023,1,E0540,ANNUAL,3,PENDING
LR_E0542_02_2023,1,E0542,ANNUAL,3,PENDING
LR_E0544_02_2023,1,E0544,ANNUAL,3,PENDING
LR_E0549_02_2023,1,E0549,ANNUAL,1,PENDING
LR_E0552_02_2023,1,E0552,SICK,3,PENDING
LR_E0570_02_2023,1,E0570,ANNUAL,1,PENDING
LR_E0571_02_2023,1,E0571,SICK,1,PENDING
LR_E0578_02_2023,1,E0578,ANNUAL,2,PENDING
LR_E0585_02_2023,1,E0585,ANNUAL,2,PENDING
LR_E0610_02_2023,1,E0610,SICK,1,PENDING
LR_E0613_02_2023,1,E0613,ANNUAL,1,PENDING
LR_E0620_02_2023,1,E0620,ANNUAL,2,PENDING
LR_E0621_02_2023,1,E0621,SICK,2,PENDING
LR_E0629_02_2023,1,E0629,ANNUAL,1,PENDING
LR_E0636_02_2023,1,E0636,SICK,1,PENDING
LR_E0648_02_2023,1,E0648,SICK,1,PENDING
LR_E0650_02_2023,1,E0650,SICK,3,PENDING
LR_E0674_02_2023,1,E0674,ANNUAL,2,PENDING
LR_E0693_02_2023,1,E0693,SICK,2,PENDING
LR_E0698_02_2023,1,E0698,ANNUAL,1,PENDING
LR_E0701_02_2023,1,E0701,SICK,1,PENDING
LR_E0704_02_2023,1,E0704,SICK,3,PENDING
LR_E0709_02_2023,1,E0709,ANNUAL,2,PENDING
LR_E0719_02_2023,1,E0719,SICK,1,PENDING
LR_E0723_02_2023,1,E0723,ANNUAL,1,PENDING
LR_E0739_02_2023,1,E0739,SICK,3,PENDING
LR_E0765_02_2023,1,E0765,SICK,1,PENDING
LR_E0774_02_2023,1,E0774,ANNUAL,3,PENDING
LR_E0777_02_2023,1,E0777,SICK,2,PENDING
LR_E0790_02_2023,1,E0790,SICK,2,PENDING
LR_E0791_02_2023,1,E0791,ANNUAL,1,PENDING
LR_E0835_02_2023,1,E0835,ANNUAL,1,PENDING
LR_E0846_02_2023,1,E0846,ANNUAL,1,PENDING
LR_E0850_02_2023,1,E0850,SICK,2,PENDING
LR_E0873_02_2023,1,E0873,ANNUAL,1,PENDING
LR_E0878_02_2023,1,E0878,ANNUAL,1,PENDING
LR_E0880_02_2023,1,E0880,ANNUAL,3,PENDING
LR_E0885_02_2023,1,E0885,SICK,2,PENDING
LR_E0902_02_2023,1,E0902,SICK,1,PENDING
LR_E0906_02_2023,1,E0906,SICK,1,PENDING
LR_E0908_02_2023,1,E0908,ANNUAL,3,PENDING
LR_E0910_02_2023,1,E0910,ANNUAL,3,PENDING
LR_E0950_02_2023,1,E0950,ANNUAL,1,PENDING
LR_E0954_02_2023,1,E0954,SICK,3,PENDING
LR_E0960_02_2023,1,E0960,SICK,2,PENDING
LR_E0968_02_2023,1,E0968,SICK,1,PENDING
LR_E0986_02_2023,1,E0986,ANNUAL,3,PENDING
LR_E1009_02_2023,1,E1009,ANNUAL,3,PENDING
LR_E1081_02_2023,1,E1081,SICK,2,PENDING
LR_E1088_02_2023,1,E1088,ANNUAL,3,PENDING
LR_E1090_02_2023,1,E1090,ANNUAL,2,PENDING
LR_E1098_02_2023,1,E1098,ANNUAL,2,PENDING
LR_E1102_02_2023,1,E1102,SICK,3,PENDING
LR_E1108_02_2023,1,E1108,ANNUAL,1,PENDING
LR_E1120_02_2023,1,E1120,ANNUAL,2,PENDING
LR_E1123_02_2023,1,E1123,ANNUAL,1,PENDING
LR_E1134_02_2023,1,E1134,ANNUAL,3,PENDING
LR_E1147_02_2023,1,E1147,SICK,2,PENDING
LR_E1153_02_2023,1,E1153,ANNUAL,2,PENDING
LR_E1156_02_2023,1,E1156,SICK,3,PENDING
LR_E1158_02_2023,1,E1158,ANNUAL,2,PENDING
LR_E1160_02_2023,1,E1160,ANNUAL,2,PENDING
LR_E1163_02_2023,1,E1163,ANNUAL,1,PENDING
LR_E1166_02_2023,1,E1166,SICK,2,PENDING
LR_E1198_02_2023,1,E1198,SICK,3,PENDING
LR_E0009_03_2023,1,E0009,ANNUAL,1,PENDING
LR_E0024_03_2023,1,E0024,SICK,1,PENDING
LR_E0050_03_2023,1,E0050,ANNUAL,2,PENDING
LR_E0052_03_2023,1,E0052,ANNUAL,2,PENDING
LR_E0071_03_2023,1,E0071,ANNUAL,2,PENDING
LR_E0076_03_2023,1,E0076,SICK,2,PENDING
LR_E0081_03_2023,1,E0081,ANNUAL,2,PENDING
LR_E0082_03_2023,1,E0082,ANNUAL,3,PENDING
LR_E0140_03_2023,1,E0140,ANNUAL,2,PENDING
LR_E0154_03_2023,1,E0154,ANNUAL,3,PENDING
LR_E0159_03_2023,1,E0159,SICK,3,PENDING
LR_E0164_03_2023,1,E0164,SICK,2,PENDING
LR_E0175_03_2023,1,E0175,SICK,2,PENDING
LR_E0197_03_2023,1,E0197,ANNUAL,1,PENDING
LR_E0200_03_2023,1,E0200,SICK,2,PENDING
LR_E0203_03_2023,1,E0203,SICK,3,PENDING
LR_E0204_03_2023,1,E0204,ANNUAL,3,PENDING
LR_E0210_03_2023,1,E0210,SICK,2,PENDING
LR_E0214_03_2023,1,E0214,SICK,3,PENDING
LR_E0219_03_2023,1,E0219,SICK,3,PENDING
LR_E0227_03_2023,1,E0227,SICK,2,PENDING
LR_E0237_03_2023,1,E0237,SICK,1,PENDING
LR_E0254_03_2023,1,E0254,SICK,3,PENDING
LR_E0278_03_2023,1,E0278,ANNUAL,2,PENDING
LR_E0287_03_2023,1,E0287,SICK,2,PENDING
LR_E0293_03_2023,1,E0293,SICK,3,PENDING
LR_E0302_03_2023,1,E0302,ANNUAL,3,PENDING
LR_E0304_03_2023,1,E0304,SICK,3,PENDING
LR_E0334_03_2023,1,E0334,SICK,1,PENDING
LR_E0335_03_2023,1,E0335,SICK,2,PENDING
LR_E0351_03_2023,1,E0351,ANNUAL,1,PENDING
LR_E0361_03_2023,1,E0361,SICK,2,PENDING
LR_E0371_03_2023,1,E0371,ANNUAL,1,PENDING
LR_E0373_03_2023,1,E0373,SICK,1,PENDING
LR_E0379_03_2023,1,E0379,SICK,1,PENDING
LR_E0381_03_2023,1,E0381,ANNUAL,3,PENDING
LR_E0382_03_2023,1,E0382,SICK,1,PENDING
LR_E0383_03_2023,1,E0383,SICK,2,PENDING
LR_E0385_03_2023,1,E0385,SICK,3,PENDING
LR_E0423_03_2023,1,E0423,ANNUAL,2,PENDING
LR_E0432_03_2023,1,E0432,SICK,3,PENDING
LR_E0442_03_2023,1,E0442,SICK,2,PENDING
LR_E0465_03_2023,1,E0465,SICK,2,PENDING
LR_E0473_03_2023,1,E0473,SICK,3,PENDING
LR_E0480_03_2023,1,E0480,SICK,1,PENDING
LR_E0484_03_2023,1,E0484,SICK,1,PENDING
LR_E0495_03_2023,1,E0495,ANNUAL,3,PENDING
LR_E0510_03_2023,1,E0510,SICK,3,PENDING
LR_E0512_03_2023,1,E0512,ANNUAL,1,PENDING
LR_E0522_03_2023,1,E0522,SICK,1,PENDING
LR_E0523_03_2023,1,E0523,SICK,1,PENDING
LR_E0531_03_2023,1,E0531,ANNUAL,3,PENDING
LR_E0548_03_2023,1,E0548,ANNUAL,2,PENDING
LR_E0552_03_2023,1,E0552,SICK,3,PENDING
LR_E0553_03_2023,1,E0553,SICK,2,PENDING
LR_E0567_03_2023,1,E0567,SICK,3,PENDING
LR_E0572_03_2023,1,E0572,ANNUAL,2,PENDING
LR_E0576_03_2023,1,E0576,ANNUAL,2,PENDING
LR_E0578_03_2023,1,E0578,SICK,2,PENDING
LR_E0584_03_2023,1,E0584,ANNUAL,1,PENDING
LR_E0592_03_2023,1,E0592,SICK,1,PENDING
LR_E0593_03_2023,1,E0593,ANNUAL,3,PENDING
LR_E0597_03_2023,1,E0597,ANNUAL,3,PENDING
LR_E0612_03_2023,1,E0612,SICK,2,PENDING
LR_E0618_03_2023,1,E0618,ANNUAL,1,PENDING
LR_E0621_03_2023,1,E0621,ANNUAL,3,PENDING
LR_E0623_03_2023,1,E0623,SICK,1,PENDING
LR_E0629_03_2023,1,E0629,ANNUAL,2,PENDING
LR_E0637_03_2023,1,E0637,ANNUAL,3,PENDING
LR_E0651_03_2023,1,E0651,SICK,2,PENDING
LR_E0652_03_2023,1,E0652,ANNUAL,3,PENDING
LR_E0683_03_2023,1,E0683,SICK,1,PENDING
LR_E0687_03_2023,1,E0687,SICK,1,PENDING
LR_E0701_03_2023,1,E0701,ANNUAL,3,PENDING
LR_E0708_03_2023,1,E0708,SICK,3,PENDING
LR_E0722_03_2023,1,E0722,ANNUAL,1,PENDING
LR_E0754_03_2023,1,E0754,SICK,1,PENDING
LR_E0774_03_2023,1,E0774,SICK,3,PENDING
LR_E0782_03_2023,1,E0782,ANNUAL,2,PENDING
LR_E0789_03_2023,1,E0789,ANNUAL,3,PENDING
LR_E0794_03_2023,1,E0794,SICK,2,PENDING
LR_E0800_03_2023,1,E0800,ANNUAL,2,PENDING
LR_E0812_03_2023,1,E0812,ANNUAL,3,PENDING
LR_E0813_03_2023,1,E0813,SICK,2,PENDING
LR_E0814_03_2023,1,E0814,SICK,2,PENDING
LR_E0832_03_2023,1,E0832,SICK,1,PENDING
LR_E0835_03_2023,1,E0835,SICK,1,PENDING
LR_E0843_03_2023,1,E0843,SICK,1,PENDING
LR_E0858_03_2023,1,E0858,ANNUAL,3,PENDING
LR_E0875_03_2023,1,E0875,SICK,3,PENDING
LR_E0881_03_2023,1,E0881,SICK,2,PENDING
LR_E0885_03_2023,1,E0885,SICK,1,PENDING
LR_E0899_03_2023,1,E0899,ANNUAL,1,PENDING
LR_E0900_03_2023,1,E0900,ANNUAL,3,PENDING
LR_E0975_03_2023,1,E0975,SICK,2,PENDING
LR_E0981_03_2023,1,E0981,SICK,2,PENDING
LR_E1011_03_2023,1,E1011,ANNUAL,2,PENDING
LR_E1015_03_2023,1,E1015,ANNUAL,1,PENDING
LR_E1016_03_2023,1,E1016,ANNUAL,1,PENDING
LR_E1053_03_2023,1,E1053,SICK,3,PENDING
LR_E1057_03_2023,1,E1057,SICK,3,PENDING
LR_E1067_03_2023,1,E1067,ANNUAL,1,PENDING
LR_E1071_03_2023,1,E1071,SICK,1,PENDING
LR_E1099_03_2023,1,E1099,SICK,1,PENDING
LR_E1106_03_2023,1,E1106,ANNUAL,3,PENDING
LR_E1108_03_2023,1,E1108,SICK,1,PENDING
LR_E1115_03_2023,1,E1115,ANNUAL,1,PENDING
LR_E1126_03_2023,1,E1126,ANNUAL,1,PENDING
LR_E1142_03_2023,1,E1142,SICK,2,PENDING
LR_E1144_03_2023,1,E1144,ANNUAL,2,PENDING
LR_E1164_03_2023,1,E1164,SICK,3,PENDING
LR_E0001_04_2023,1,E0001,ANNUAL,2,PENDING
LR_E0005_04_2023,1,E0005,ANNUAL,2,PENDING
LR_E0008_04_2023,1,E0008,ANNUAL,1,PENDING
LR_E0024_04_2023,1,E0024,ANNUAL,2,PENDING
LR_E0034_04_2023,1,E0034,SICK,3,PENDING
LR_E0070_04_2023,1,E0070,ANNUAL,2,PENDING
LR_E0092_04_2023,1,E0092,SICK,3,PENDING
LR_E0093_04_2023,1,E0093,ANNUAL,1,PENDING
LR_E0102_04_2023,1,E0102,SICK,1,PENDING
LR_E0108_04_2023,1,E0108,ANNUAL,2,PENDING
LR_E0112_04_2023,1,E0112,SICK,3,PENDING
LR_E0120_04_2023,1,E0120,ANNUAL,1,PENDING
LR_E0134_04_2023,1,E0134,SICK,1,PENDING
LR_E0135_04_2023,1,E0135,ANNUAL,3,PENDING
LR_E0140_04_2023,1,E0140,ANNUAL,3,PENDING
LR_E0150_04_2023,1,E0150,ANNUAL,1,PENDING
LR_E0152_04_2023,1,E0152,SICK,2,PENDING
LR_E0164_04_2023,1,E0164,SICK,3,PENDING
LR_E0190_04_2023,1,E0190,SICK,2,PENDING
LR_E0193_04_2023,1,E0193,ANNUAL,1,PENDING
LR_E0195_04_2023,1,E0195,ANNUAL,1,PENDING
LR_E0199_04_2023,1,E0199,SICK,2,PENDING
LR_E0222_04_2023,1,E0222,SICK,3,PENDING
LR_E0226_04_2023,1,E0226,SICK,3,PENDING
LR_E0237_04_2023,1,E0237,SICK,3,PENDING
LR_E0238_04_2023,1,E0238,SICK,3,PENDING
LR_E0245_04_2023,1,E0245,ANNUAL,3,PENDING
LR_E0250_04_2023,1,E0250,ANNUAL,3,PENDING
LR_E0253_04_2023,1,E0253,ANNUAL,3,PENDING
LR_E0257_04_2023,1,E0257,SICK,1,PENDING
LR_E0262_04_2023,1,E0262,ANNUAL,3,PENDING
LR_E0276_04_2023,1,E0276,SICK,2,PENDING
LR_E0289_04_2023,1,E0289,ANNUAL,2,PENDING
LR_E0291_04_2023,1,E0291,SICK,2,PENDING
LR_E0297_04_2023,1,E0297,ANNUAL,2,PENDING
LR_E0302_04_2023,1,E0302,SICK,1,PENDING
LR_E0315_04_2023,1,E0315,SICK,2,PENDING
LR_E0320_04_2023,1,E0320,SICK,2,PENDING
LR_E0334_04_2023,1,E0334,ANNUAL,2,PENDING
LR_E0337_04_2023,1,E0337,SICK,3,PENDING
LR_E0349_04_2023,1,E0349,SICK,2,PENDING
LR_E0378_04_2023,1,E0378,ANNUAL,3,PENDING
LR_E0387_04_2023,1,E0387,ANNUAL,3,PENDING
LR_E0404_04_2023,1,E0404,SICK,3,PENDING
LR_E0406_04_2023,1,E0406,ANNUAL,3,PENDING
LR_E0419_04_2023,1,E0419,SICK,3,PENDING
LR_E0434_04_2023,1,E0434,SICK,1,PENDING
LR_E0462_04_2023,1,E0462,SICK,2,PENDING
LR_E0467_04_2023,1,E0467,SICK,1,PENDING
LR_E0468_04_2023,1,E0468,SICK,3,PENDING
LR_E0472_04_2023,1,E0472,SICK,2,PENDING
LR_E0479_04_2023,1,E0479,SICK,1,PENDING
LR_E0489_04_2023,1,E0489,ANNUAL,2,PENDING
LR_E0492_04_2023,1,E0492,SICK,2,PENDING
LR_E0493_04_2023,1,E0493,ANNUAL,2,PENDING
LR_E0503_04_2023,1,E0503,ANNUAL,2,PENDING
LR_E0515_04_2023,1,E0515,ANNUAL,3,PENDING
LR_E0516_04_2023,1,E0516,SICK,2,PENDING
LR_E0518_04_2023,1,E0518,SICK,1,PENDING
LR_E0531_04_2023,1,E0531,SICK,1,PENDING
LR_E0535_04_2023,1,E0535,ANNUAL,3,PENDING
LR_E0540_04_2023,1,E0540,ANNUAL,3,PENDING
LR_E0557_04_2023,1,E0557,SICK,2,PENDING
LR_E0569_04_2023,1,E0569,SICK,3,PENDING
LR_E0591_04_2023,1,E0591,ANNUAL,2,PENDING
LR_E0599_04_2023,1,E0599,ANNUAL,1,PENDING
LR_E0618_04_2023,1,E0618,ANNUAL,3,PENDING
LR_E0624_04_2023,1,E0624,ANNUAL,3,PENDING
LR_E0632_04_2023,1,E0632,SICK,3,PENDING
LR_E0635_04_2023,1,E0635,SICK,1,PENDING
LR_E0637_04_2023,1,E0637,ANNUAL,3,PENDING
LR_E0656_04_2023,1,E0656,ANNUAL,1,PENDING
LR_E0664_04_2023,1,E0664,ANNUAL,3,PENDING
LR_E0669_04_2023,1,E0669,SICK,3,PENDING
LR_E0690_04_2023,1,E0690,SICK,3,PENDING
LR_E0694_04_2023,1,E0694,ANNUAL,3,PENDING
LR_E0699_04_2023,1,E0699,SICK,3,PENDING
LR_E0708_04_2023,1,E0708,SICK,2,PENDING
LR_E0709_04_2023,1,E0709,ANNUAL,3,PENDING
LR_E0713_04_2023,1,E0713,ANNUAL,1,PENDING
LR_E0719_04_2023,1,E0719,ANNUAL,3,PENDING
LR_E0724_04_2023,1,E0724,SICK,1,PENDING
LR_E0737_04_2023,1,E0737,SICK,1,PENDING
LR_E0748_04_2023,1,E0748,SICK,3,PENDING
LR_E0760_04_2023,1,E0760,ANNUAL,2,PENDING
LR_E0763_04_2023,1,E0763,ANNUAL,3,PENDING
LR_E0791_04_2023,1,E0791,SICK,2,PENDING
LR_E0804_04_2023,1,E0804,ANNUAL,1,PENDING
LR_E0818_04_2023,1,E0818,ANNUAL,1,PENDING
LR_E0823_04_2023,1,E0823,SICK,2,PENDING
LR_E0837_04_2023,1,E0837,ANNUAL,2,PENDING
LR_E0855_04_2023,1,E0855,ANNUAL,3,PENDING
LR_E0856_04_2023,1,E0856,SICK,1,PENDING
LR_E0861_04_2023,1,E0861,SICK,2,PENDING
LR_E0865_04_2023,1,E0865,SICK,2,PENDING
LR_E0866_04_2023,1,E0866,ANNUAL,3,PENDING
LR_E0872_04_2023,1,E0872,ANNUAL,1,PENDING
LR_E0885_04_2023,1,E0885,ANNUAL,2,PENDING
LR_E0886_04_2023,1,E0886,SICK,3,PENDING
LR_E0903_04_2023,1,E0903,SICK,1,PENDING
LR_E0916_04_2023,1,E0916,ANNUAL,1,PENDING
LR_E0927_04_2023,1,E0927,ANNUAL,1,PENDING
LR_E0940_04_2023,1,E0940,SICK,2,PENDING
LR_E0950_04_2023,1,E0950,SICK,3,PENDING
LR_E0959_04_2023,1,E0959,SICK,2,PENDING
LR_E0970_04_2023,1,E0970,ANNUAL,1,PENDING
LR_E0981_04_2023,1,E0981,SICK,2,PENDING
LR_E0985_04_2023,1,E0985,SICK,3,PENDING
LR_E0995_04_2023,1,E0995,SICK,1,PENDING
LR_E0997_04_2023,1,E0997,SICK,2,PENDING
LR_E1019_04_2023,1,E1019,ANNUAL,1,PENDING
LR_E1028_04_2023,1,E1028,ANNUAL,2,PENDING
LR_E1036_04_2023,1,E1036,ANNUAL,1,PENDING
LR_E1037_04_2023,1,E1037,ANNUAL,3,PENDING
LR_E1041_04_2023,1,E1041,SICK,2,PENDING
LR_E1050_04_2023,1,E1050,SICK,3,PENDING
LR_E1059_04_2023,1,E1059,SICK,3,PENDING
LR_E1062_04_2023,1,E1062,SICK,3,PENDING
LR_E1072_04_2023,1,E1072,SICK,2,PENDING
LR_E1080_04_2023,1,E1080,SICK,2,PENDING
LR_E1090_04_2023,1,E1090,SICK,2,PENDING
LR_E1104_04_2023,1,E1104,SICK,1,PENDING
LR_E1105_04_2023,1,E1105,ANNUAL,3,PENDING
LR_E1114_04_2023,1,E1114,SICK,3,PENDING
LR_E1118_04_2023,1,E1118,ANNUAL,3,PENDING
LR_E1130_04_2023,1,E1130,ANNUAL,3,PENDING
LR_E1132_04_2023,1,E1132,SICK,2,PENDING
LR_E1134_04_2023,1,E1134,ANNUAL,3,PENDING
LR_E1139_04_2023,1,E1139,SICK,3,PENDING
LR_E1156_04_2023,1,E1156,ANNUAL,3,PENDING
LR_E1162_04_2023,1,E1162,SICK,2,PENDING
LR_E1164_04_2023,1,E1164,ANNUAL,2,PENDING
LR_E1165_04_2023,1,E1165,SICK,1,PENDING
LR_E1171_04_2023,1,E1171,SICK,1,PENDING
LR_E1181_04_2023,1,E1181,SICK,3,PENDING
LR_E1183_04_2023,1,E1183,SICK,2,PENDING
LR_E1198_04_2023,1,E1198,SICK,3,PENDING
LR_E0006_05_2023,1,E0006,ANNUAL,1,PENDING
LR_E0009_05_2023,1,E0009,SICK,1,PENDING
LR_E0014_05_2023,1,E0014,ANNUAL,1,PENDING
LR_E0022_05_2023,1,E0022,SICK,1,PENDING
LR_E0025_05_2023,1,E0025,SICK,1,PENDING
LR_E0033_05_2023,1,E0033,SICK,1,PENDING
LR_E0071_05_2023,1,E0071,SICK,3,PENDING
LR_E0087_05_2023,1,E0087,SICK,1,PENDING
LR_E0109_05_2023,1,E0109,ANNUAL,3,PENDING
LR_E0111_05_2023,1,E0111,ANNUAL,1,PENDING
LR_E0114_05_2023,1,E0114,ANNUAL,2,PENDING
LR_E0128_05_2023,1,E0128,ANNUAL,1,PENDING
LR_E0135_05_2023,1,E0135,SICK,1,PENDING
LR_E0143_05_2023,1,E0143,ANNUAL,2,PENDING
LR_E0157_05_2023,1,E0157,ANNUAL,3,PENDING
LR_E0173_05_2023,1,E0173,SICK,2,PENDING
LR_E0175_05_2023,1,E0175,SICK,1,PENDING
LR_E0177_05_2023,1,E0177,ANNUAL,3,PENDING
LR_E0178_05_2023,1,E0178,ANNUAL,2,PENDING
LR_E0194_05_2023,1,E0194,ANNUAL,2,PENDING
LR_E0201_05_2023,1,E0201,ANNUAL,2,PENDING
LR_E0243_05_2023,1,E0243,SICK,2,PENDING
LR_E0263_05_2023,1,E0263,SICK,1,PENDING
LR_E0270_05_2023,1,E0270,SICK,2,PENDING
LR_E0275_05_2023,1,E0275,SICK,1,PENDING
LR_E0291_05_2023,1,E0291,ANNUAL,3,PENDING
LR_E0298_05_2023,1,E0298,SICK,2,PENDING
LR_E0303_05_2023,1,E0303,ANNUAL,3,PENDING
LR_E0333_05_2023,1,E0333,ANNUAL,1,PENDING
LR_E0355_05_2023,1,E0355,SICK,3,PENDING
LR_E0358_05_2023,1,E0358,SICK,2,PENDING
LR_E0362_05_2023,1,E0362,SICK,2,PENDING
LR_E0374_05_2023,1,E0374,ANNUAL,3,PENDING
LR_E0403_05_2023,1,E0403,ANNUAL,1,PENDING
LR_E0409_05_2023,1,E0409,ANNUAL,2,PENDING
LR_E0418_05_2023,1,E0418,SICK,2,PENDING
LR_E0422_05_2023,1,E0422,ANNUAL,1,PENDING
LR_E0426_05_2023,1,E0426,SICK,1,PENDING
LR_E0437_05_2023,1,E0437,SICK,1,PENDING
LR_E0440_05_2023,1,E0440,ANNUAL,1,PENDING
LR_E0443_05_2023,1,E0443,ANNUAL,3,PENDING
LR_E0447_05_2023,1,E0447,SICK,2,PENDING
LR_E0468_05_2023,1,E0468,SICK,2,PENDING
LR_E0481_05_2023,1,E0481,SICK,2,PENDING
LR_E0486_05_2023,1,E0486,ANNUAL,1,PENDING
LR_E0509_05_2023,1,E0509,SICK,1,PENDING
LR_E0523_05_2023,1,E0523,ANNUAL,3,PENDING
LR_E0524_05_2023,1,E0524,SICK,2,PENDING
LR_E0528_05_2023,1,E0528,ANNUAL,1,PENDING
LR_E0533_05_2023,1,E0533,ANNUAL,3,PENDING
LR_E0546_05_2023,1,E0546,ANNUAL,1,PENDING
LR_E0549_05_2023,1,E0549,ANNUAL,1,PENDING
LR_E0550_05_2023,1,E0550,SICK,2,PENDING
LR_E0562_05_2023,1,E0562,ANNUAL,2,PENDING
LR_E0569_05_2023,1,E0569,ANNUAL,1,PENDING
LR_E0597_05_2023,1,E0597,ANNUAL,1,PENDING
LR_E0600_05_2023,1,E0600,SICK,3,PENDING
LR_E0604_05_2023,1,E0604,SICK,1,PENDING
LR_E0608_05_2023,1,E0608,SICK,2,PENDING
LR_E0613_05_2023,1,E0613,ANNUAL,3,PENDING
LR_E0616_05_2023,1,E0616,SICK,3,PENDING
LR_E0622_05_2023,1,E0622,ANNUAL,2,PENDING
LR_E0628_05_2023,1,E0628,SICK,1,PENDING
LR_E0634_05_2023,1,E0634,ANNUAL,2,PENDING
LR_E0643_05_2023,1,E0643,SICK,1,PENDING
LR_E0648_05_2023,1,E0648,ANNUAL,2,PENDING
LR_E0666_05_2023,1,E0666,ANNUAL,1,PENDING
LR_E0671_05_2023,1,E0671,ANNUAL,1,PENDING
LR_E0675_05_2023,1,E0675,SICK,3,PENDING
LR_E0676_05_2023,1,E0676,SICK,2,PENDING
LR_E0716_05_2023,1,E0716,ANNUAL,2,PENDING
LR_E0718_05_2023,1,E0718,ANNUAL,3,PENDING
LR_E0731_05_2023,1,E0731,ANNUAL,1,PENDING
LR_E0734_05_2023,1,E0734,ANNUAL,3,PENDING
LR_E0751_05_2023,1,E0751,SICK,2,PENDING
LR_E0753_05_2023,1,E0753,ANNUAL,3,PENDING
LR_E0761_05_2023,1,E0761,ANNUAL,2,PENDING
LR_E0765_05_2023,1,E0765,SICK,2,PENDING
LR_E0775_05_2023,1,E0775,SICK,1,PENDING
LR_E0779_05_2023,1,E0779,SICK,1,PENDING
LR_E0780_05_2023,1,E0780,ANNUAL,2,PENDING
LR_E0816_05_2023,1,E0816,SICK,1,PENDING
LR_E0847_05_2023,1,E0847,SICK,1,PENDING
LR_E0869_05_2023,1,E0869,ANNUAL,2,PENDING
LR_E0874_05_2023,1,E0874,ANNUAL,2,PENDING
LR_E0881_05_2023,1,E0881,SICK,1,PENDING
LR_E0883_05_2023,1,E0883,ANNUAL,2,PENDING
LR_E0884_05_2023,1,E0884,ANNUAL,3,PENDING
LR_E0888_05_2023,1,E0888,SICK,2,PENDING
LR_E0889_05_2023,1,E0889,ANNUAL,1,PENDING
LR_E0901_05_2023,1,E0901,ANNUAL,3,PENDING
LR_E0904_05_2023,1,E0904,SICK,3,PENDING
LR_E0906_05_2023,1,E0906,ANNUAL,3,PENDING
LR_E0914_05_2023,1,E0914,SICK,2,PENDING
LR_E0915_05_2023,1,E0915,ANNUAL,2,PENDING
LR_E0919_05_2023,1,E0919,ANNUAL,1,PENDING
LR_E0938_05_2023,1,E0938,SICK,3,PENDING
LR_E0939_05_2023,1,E0939,ANNUAL,2,PENDING
LR_E0963_05_2023,1,E0963,SICK,2,PENDING
LR_E0971_05_2023,1,E0971,SICK,1,PENDING
LR_E0974_05_2023,1,E0974,SICK,2,PENDING
LR_E0977_05_2023,1,E0977,ANNUAL,1,PENDING
LR_E0986_05_2023,1,E0986,SICK,3,PENDING
LR_E1000_05_2023,1,E1000,SICK,3,PENDING
LR_E1003_05_2023,1,E1003,SICK,3,PENDING
LR_E1023_05_2023,1,E1023,ANNUAL,1,PENDING
LR_E1044_05_2023,1,E1044,ANNUAL,2,PENDING
LR_E1045_05_2023,1,E1045,ANNUAL,1,PENDING
LR_E1058_05_2023,1,E1058,ANNUAL,1,PENDING
LR_E1067_05_2023,1,E1067,SICK,1,PENDING
LR_E1085_05_2023,1,E1085,SICK,3,PENDING
LR_E1086_05_2023,1,E1086,ANNUAL,2,PENDING
LR_E1087_05_2023,1,E1087,SICK,2,PENDING
LR_E1098_05_2023,1,E1098,ANNUAL,3,PENDING
LR_E1112_05_2023,1,E1112,ANNUAL,2,PENDING
LR_E1114_05_2023,1,E1114,SICK,3,PENDING
LR_E1119_05_2023,1,E1119,SICK,2,PENDING
LR_E1126_05_2023,1,E1126,SICK,1,PENDING
LR_E1153_05_2023,1,E1153,ANNUAL,1,PENDING
LR_E1179_05_2023,1,E1179,SICK,3,PENDING
LR_E1196_05_2023,1,E1196,SICK,2,PENDING
LR_E0014_06_2023,1,E0014,SICK,3,PENDING
LR_E0021_06_2023,1,E0021,SICK,1,PENDING
LR_E0032_06_2023,1,E0032,SICK,3,PENDING
LR_E0038_06_2023,1,E0038,ANNUAL,1,PENDING
LR_E0057_06_2023,1,E0057,ANNUAL,2,PENDING
LR_E0082_06_2023,1,E0082,ANNUAL,2,PENDING
LR_E0086_06_2023,1,E0086,ANNUAL,2,PENDING
LR_E0087_06_2023,1,E0087,ANNUAL,1,PENDING
LR_E0102_06_2023,1,E0102,ANNUAL,3,PENDING
LR_E0104_06_2023,1,E0104,SICK,1,PENDING
LR_E0116_06_2023,1,E0116,SICK,2,PENDING
LR_E0144_06_2023,1,E0144,SICK,2,PENDING
LR_E0147_06_2023,1,E0147,SICK,3,PENDING
LR_E0149_06_2023,1,E0149,ANNUAL,1,PENDING
LR_E0152_06_2023,1,E0152,ANNUAL,2,PENDING
LR_E0153_06_2023,1,E0153,SICK,2,PENDING
LR_E0154_06_2023,1,E0154,SICK,1,PENDING
LR_E0191_06_2023,1,E0191,SICK,1,PENDING
LR_E0194_06_2023,1,E0194,ANNUAL,3,PENDING
LR_E0195_06_2023,1,E0195,SICK,2,PENDING
LR_E0211_06_2023,1,E0211,SICK,3,PENDING
LR_E0215_06_2023,1,E0215,SICK,2,PENDING
LR_E0221_06_2023,1,E0221,ANNUAL,1,PENDING
LR_E0226_06_2023,1,E0226,ANNUAL,1,PENDING
LR_E0228_06_2023,1,E0228,SICK,1,PENDING
LR_E0246_06_2023,1,E0246,SICK,2,PENDING
LR_E0261_06_2023,1,E0261,SICK,1,PENDING
LR_E0271_06_2023,1,E0271,ANNUAL,1,PENDING
LR_E0277_06_2023,1,E0277,SICK,3,PENDING
LR_E0282_06_2023,1,E0282,SICK,3,PENDING
LR_E0283_06_2023,1,E0283,ANNUAL,1,PENDING
LR_E0331_06_2023,1,E0331,SICK,1,PENDING
LR_E0332_06_2023,1,E0332,ANNUAL,1,PENDING
LR_E0368_06_2023,1,E0368,ANNUAL,3,PENDING
LR_E0369_06_2023,1,E0369,SICK,2,PENDING
LR_E0375_06_2023,1,E0375,ANNUAL,2,PENDING
LR_E0377_06_2023,1,E0377,SICK,3,PENDING
LR_E0381_06_2023,1,E0381,ANNUAL,2,PENDING
LR_E0385_06_2023,1,E0385,ANNUAL,3,PENDING
LR_E0390_06_2023,1,E0390,SICK,1,PENDING
LR_E0392_06_2023,1,E0392,ANNUAL,2,PENDING
LR_E0403_06_2023,1,E0403,ANNUAL,2,PENDING
LR_E0410_06_2023,1,E0410,SICK,1,PENDING
LR_E0415_06_2023,1,E0415,ANNUAL,1,PENDING
LR_E0424_06_2023,1,E0424,ANNUAL,2,PENDING
LR_E0444_06_2023,1,E0444,SICK,2,PENDING
LR_E0445_06_2023,1,E0445,SICK,2,PENDING
LR_E0466_06_2023,1,E0466,SICK,1,PENDING
LR_E0472_06_2023,1,E0472,SICK,1,PENDING
LR_E0482_06_2023,1,E0482,ANNUAL,1,PENDING
LR_E0486_06_2023,1,E0486,SICK,1,PENDING
LR_E0495_06_2023,1,E0495,ANNUAL,2,PENDING
LR_E0513_06_2023,1,E0513,ANNUAL,1,PENDING
LR_E0524_06_2023,1,E0524,SICK,1,PENDING
LR_E0534_06_2023,1,E0534,SICK,3,PENDING
LR_E0545_06_2023,1,E0545,SICK,2,PENDING
LR_E0564_06_2023,1,E0564,ANNUAL,3,PENDING
LR_E0566_06_2023,1,E0566,SICK,3,PENDING
LR_E0567_06_2023,1,E0567,ANNUAL,2,PENDING
LR_E0572_06_2023,1,E0572,SICK,1,PENDING
LR_E0575_06_2023,1,E0575,ANNUAL,1,PENDING
LR_E0591_06_2023,1,E0591,SICK,1,PENDING
LR_E0593_06_2023,1,E0593,ANNUAL,2,PENDING
LR_E0624_06_2023,1,E0624,SICK,2,PENDING
LR_E0647_06_2023,1,E0647,SICK,1,PENDING
LR_E0658_06_2023,1,E0658,ANNUAL,2,PENDING
LR_E0686_06_2023,1,E0686,ANNUAL,2,PENDING
LR_E0698_06_2023,1,E0698,SICK,1,PENDING
LR_E0730_06_2023,1,E0730,SICK,3,PENDING
LR_E0736_06_2023,1,E0736,SICK,3,PENDING
LR_E0739_06_2023,1,E0739,ANNUAL,2,PENDING
LR_E0749_06_2023,1,E0749,ANNUAL,3,PENDING
LR_E0758_06_2023,1,E0758,ANNUAL,1,PENDING
LR_E0760_06_2023,1,E0760,SICK,3,PENDING
LR_E0763_06_2023,1,E0763,ANNUAL,2,PENDING
LR_E0769_06_2023,1,E0769,SICK,1,PENDING
LR_E0774_06_2023,1,E0774,SICK,2,PENDING
LR_E0816_06_2023,1,E0816,ANNUAL,1,PENDING
LR_E0818_06_2023,1,E0818,SICK,2,PENDING
LR_E0819_06_2023,1,E0819,ANNUAL,3,PENDING
LR_E0833_06_2023,1,E0833,ANNUAL,2,PENDING
LR_E0841_06_2023,1,E0841,SICK,3,PENDING
LR_E0846_06_2023,1,E0846,SICK,3,PENDING
LR_E0848_06_2023,1,E0848,ANNUAL,2,PENDING
LR_E0853_06_2023,1,E0853,ANNUAL,2,PENDING
LR_E0856_06_2023,1,E0856,ANNUAL,1,PENDING
LR_E0872_06_2023,1,E0872,SICK,3,PENDING
LR_E0873_06_2023,1,E0873,SICK,3,PENDING
LR_E0874_06_2023,1,E0874,ANNUAL,1,PENDING
LR_E0900_06_2023,1,E0900,SICK,3,PENDING
LR_E0906_06_2023,1,E0906,SICK,3,PENDING
LR_E0909_06_2023,1,E0909,ANNUAL,2,PENDING
LR_E0910_06_2023,1,E0910,SICK,3,PENDING
LR_E0913_06_2023,1,E0913,SICK,1,PENDING
LR_E0919_06_2023,1,E0919,ANNUAL,1,PENDING
LR_E0935_06_2023,1,E0935,SICK,2,PENDING
LR_E0948_06_2023,1,E0948,SICK,1,PENDING
LR_E0965_06_2023,1,E0965,SICK,3,PENDING
LR_E0973_06_2023,1,E0973,ANNUAL,1,PENDING
LR_E0989_06_2023,1,E0989,ANNUAL,2,PENDING
LR_E0993_06_2023,1,E0993,ANNUAL,1,PENDING
LR_E1005_06_2023,1,E1005,ANNUAL,3,PENDING
LR_E1006_06_2023,1,E1006,SICK,3,PENDING
LR_E1017_06_2023,1,E1017,ANNUAL,2,PENDING
LR_E1025_06_2023,1,E1025,SICK,1,PENDING
LR_E1027_06_2023,1,E1027,SICK,1,PENDING
LR_E1062_06_2023,1,E1062,ANNUAL,2,PENDING
LR_E1072_06_2023,1,E1072,ANNUAL,2,PENDING
LR_E1081_06_2023,1,E1081,SICK,1,PENDING
LR_E1094_06_2023,1,E1094,ANNUAL,1,PENDING
LR_E1095_06_2023,1,E1095,SICK,3,PENDING
LR_E1096_06_2023,1,E1096,SICK,2,PENDING
LR_E1116_06_2023,1,E1116,SICK,3,PENDING
LR_E1135_06_2023,1,E1135,SICK,3,PENDING
LR_E1146_06_2023,1,E1146,ANNUAL,3,PENDING
LR_E1147_06_2023,1,E1147,SICK,3,PENDING
LR_E1150_06_2023,1,E1150,SICK,3,PENDING
LR_E1175_06_2023,1,E1175,SICK,1,PENDING
LR_E1177_06_2023,1,E1177,SICK,3,PENDING
LR_E1180_06_2023,1,E1180,SICK,3,PENDING
LR_E1183_06_2023,1,E1183,ANNUAL,1,PENDING
LR_E0003_07_2023,1,E0003,SICK,2,PENDING
LR_E0004_07_2023,1,E0004,ANNUAL,1,PENDING
LR_E0006_07_2023,1,E0006,ANNUAL,1,PENDING
LR_E0022_07_2023,1,E0022,ANNUAL,3,PENDING
LR_E0023_07_2023,1,E0023,ANNUAL,2,PENDING
LR_E0036_07_2023,1,E0036,ANNUAL,3,PENDING
LR_E0037_07_2023,1,E0037,ANNUAL,2,PENDING
LR_E0039_07_2023,1,E0039,ANNUAL,1,PENDING
LR_E0060_07_2023,1,E0060,SICK,1,PENDING
LR_E0061_07_2023,1,E0061,SICK,2,PENDING
LR_E0096_07_2023,1,E0096,ANNUAL,1,PENDING
LR_E0098_07_2023,1,E0098,ANNUAL,1,PENDING
LR_E0102_07_2023,1,E0102,SICK,2,PENDING
LR_E0129_07_2023,1,E0129,SICK,3,PENDING
LR_E0135_07_2023,1,E0135,SICK,1,PENDING
LR_E0177_07_2023,1,E0177,ANNUAL,3,PENDING
LR_E0178_07_2023,1,E0178,SICK,2,PENDING
LR_E0221_07_2023,1,E0221,ANNUAL,2,PENDING
LR_E0248_07_2023,1,E0248,SICK,2,PENDING
LR_E0261_07_2023,1,E0261,ANNUAL,1,PENDING
LR_E0262_07_2023,1,E0262,SICK,2,PENDING
LR_E0267_07_2023,1,E0267,ANNUAL,3,PENDING
LR_E0281_07_2023,1,E0281,ANNUAL,3,PENDING
LR_E0285_07_2023,1,E0285,SICK,2,PENDING
LR_E0293_07_2023,1,E0293,SICK,1,PENDING
LR_E0302_07_2023,1,E0302,SICK,3,PENDING
LR_E0310_07_2023,1,E0310,ANNUAL,2,PENDING
LR_E0322_07_2023,1,E0322,SICK,3,PENDING
LR_E0326_07_2023,1,E0326,SICK,3,PENDING
LR_E0327_07_2023,1,E0327,ANNUAL,1,PENDING
LR_E0331_07_2023,1,E0331,SICK,2,PENDING
LR_E0332_07_2023,1,E0332,ANNUAL,1,PENDING
LR_E0333_07_2023,1,E0333,SICK,1,PENDING
LR_E0374_07_2023,1,E0374,ANNUAL,2,PENDING
LR_E0375_07_2023,1,E0375,ANNUAL,3,PENDING
LR_E0380_07_2023,1,E0380,ANNUAL,2,PENDING
LR_E0382_07_2023,1,E0382,SICK,2,PENDING
LR_E0395_07_2023,1,E0395,ANNUAL,2,PENDING
LR_E0397_07_2023,1,E0397,ANNUAL,1,PENDING
LR_E0408_07_2023,1,E0408,ANNUAL,3,PENDING
LR_E0422_07_2023,1,E0422,ANNUAL,2,PENDING
LR_E0434_07_2023,1,E0434,SICK,2,PENDING
LR_E0447_07_2023,1,E0447,SICK,3,PENDING
LR_E0458_07_2023,1,E0458,SICK,2,PENDING
LR_E0465_07_2023,1,E0465,SICK,1,PENDING
LR_E0476_07_2023,1,E0476,SICK,3,PENDING
LR_E0483_07_2023,1,E0483,ANNUAL,1,PENDING
LR_E0514_07_2023,1,E0514,ANNUAL,3,PENDING
LR_E0540_07_2023,1,E0540,SICK,3,PENDING
LR_E0545_07_2023,1,E0545,SICK,2,PENDING
LR_E0563_07_2023,1,E0563,ANNUAL,2,PENDING
LR_E0568_07_2023,1,E0568,ANNUAL,3,PENDING
LR_E0571_07_2023,1,E0571,SICK,1,PENDING
LR_E0585_07_2023,1,E0585,SICK,1,PENDING
LR_E0589_07_2023,1,E0589,ANNUAL,1,PENDING
LR_E0590_07_2023,1,E0590,SICK,2,PENDING
LR_E0594_07_2023,1,E0594,SICK,3,PENDING
LR_E0597_07_2023,1,E0597,SICK,3,PENDING
LR_E0632_07_2023,1,E0632,ANNUAL,3,PENDING
LR_E0640_07_2023,1,E0640,ANNUAL,3,PENDING
LR_E0643_07_2023,1,E0643,SICK,1,PENDING
LR_E0644_07_2023,1,E0644,ANNUAL,3,PENDING
LR_E0646_07_2023,1,E0646,SICK,2,PENDING
LR_E0662_07_2023,1,E0662,ANNUAL,1,PENDING
LR_E0669_07_2023,1,E0669,SICK,2,PENDING
LR_E0685_07_2023,1,E0685,SICK,3,PENDING
LR_E0688_07_2023,1,E0688,ANNUAL,2,PENDING
LR_E0704_07_2023,1,E0704,ANNUAL,1,PENDING
LR_E0709_07_2023,1,E0709,SICK,1,PENDING
LR_E0718_07_2023,1,E0718,SICK,2,PENDING
LR_E0722_07_2023,1,E0722,SICK,1,PENDING
LR_E0736_07_2023,1,E0736,SICK,3,PENDING
LR_E0742_07_2023,1,E0742,SICK,3,PENDING
LR_E0754_07_2023,1,E0754,SICK,2,PENDING
LR_E0764_07_2023,1,E0764,SICK,3,PENDING
LR_E0771_07_2023,1,E0771,SICK,1,PENDING
LR_E0778_07_2023,1,E0778,ANNUAL,3,PENDING
LR_E0780_07_2023,1,E0780,SICK,2,PENDING
LR_E0784_07_2023,1,E0784,ANNUAL,1,PENDING
LR_E0805_07_2023,1,E0805,SICK,2,PENDING
LR_E0807_07_2023,1,E0807,SICK,1,PENDING
LR_E0815_07_2023,1,E0815,ANNUAL,1,PENDING
LR_E0818_07_2023,1,E0818,ANNUAL,1,PENDING
LR_E0827_07_2023,1,E0827,ANNUAL,1,PENDING
LR_E0837_07_2023,1,E0837,ANNUAL,3,PENDING
LR_E0852_07_2023,1,E0852,ANNUAL,1,PENDING
LR_E0862_07_2023,1,E0862,SICK,1,PENDING
LR_E0875_07_2023,1,E0875,ANNUAL,2,PENDING
LR_E0892_07_2023,1,E0892,SICK,3,PENDING
LR_E0898_07_2023,1,E0898,ANNUAL,3,PENDING
LR_E0910_07_2023,1,E0910,SICK,1,PENDING
LR_E0920_07_2023,1,E0920,ANNUAL,2,PENDING
LR_E0926_07_2023,1,E0926,ANNUAL,3,PENDING
LR_E0990_07_2023,1,E0990,ANNUAL,1,PENDING
LR_E1047_07_2023,1,E1047,ANNUAL,2,PENDING
LR_E1061_07_2023,1,E1061,SICK,1,PENDING
LR_E1073_07_2023,1,E1073,SICK,1,PENDING
LR_E1074_07_2023,1,E1074,ANNUAL,3,PENDING
LR_E1121_07_2023,1,E1121,ANNUAL,2,PENDING
LR_E1131_07_2023,1,E1131,ANNUAL,1,PENDING
LR_E1140_07_2023,1,E1140,ANNUAL,3,PENDING
LR_E1143_07_2023,1,E1143,SICK,1,PENDING
LR_E1145_07_2023,1,E1145,ANNUAL,1,PENDING
LR_E1156_07_2023,1,E1156,ANNUAL,1,PENDING
LR_E1163_07_2023,1,E1163,SICK,1,PENDING
LR_E1164_07_2023,1,E1164,ANNUAL,1,PENDING
LR_E1176_07_2023,1,E1176,SICK,1,PENDING
LR_E1183_07_2023,1,E1183,SICK,1,PENDING
LR_E1187_07_2023,1,E1187,ANNUAL,2,PENDING
LR_E1198_07_2023,1,E1198,ANNUAL,3,PENDING
LR_E0009_08_2023,1,E0009,SICK,1,PENDING
LR_E0017_08_2023,1,E0017,SICK,3,PENDING
LR_E0030_08_2023,1,E0030,ANNUAL,2,PENDING
LR_E0048_08_2023,1,E0048,SICK,1,PENDING
LR_E0075_08_2023,1,E0075,SICK,2,PENDING
LR_E0076_08_2023,1,E0076,ANNUAL,3,PENDING
LR_E0090_08_2023,1,E0090,SICK,1,PENDING
LR_E0092_08_2023,1,E0092,ANNUAL,1,PENDING
LR_E0103_08_2023,1,E0103,ANNUAL,3,PENDING
LR_E0139_08_2023,1,E0139,SICK,2,PENDING
LR_E0147_08_2023,1,E0147,ANNUAL,2,PENDING
LR_E0157_08_2023,1,E0157,ANNUAL,3,PENDING
LR_E0164_08_2023,1,E0164,SICK,3,PENDING
LR_E0171_08_2023,1,E0171,ANNUAL,2,PENDING
LR_E0181_08_2023,1,E0181,ANNUAL,1,PENDING
LR_E0186_08_2023,1,E0186,ANNUAL,3,PENDING
LR_E0187_08_2023,1,E0187,ANNUAL,1,PENDING
LR_E0209_08_2023,1,E0209,SICK,1,PENDING
LR_E0219_08_2023,1,E0219,SICK,2,PENDING
LR_E0227_08_2023,1,E0227,SICK,3,PENDING
LR_E0235_08_2023,1,E0235,SICK,2,PENDING
LR_E0237_08_2023,1,E0237,SICK,1,PENDING
LR_E0263_08_2023,1,E0263,SICK,3,PENDING
LR_E0271_08_2023,1,E0271,SICK,1,PENDING
LR_E0275_08_2023,1,E0275,SICK,2,PENDING
LR_E0283_08_2023,1,E0283,ANNUAL,2,PENDING
LR_E0295_08_2023,1,E0295,SICK,3,PENDING
LR_E0300_08_2023,1,E0300,SICK,1,PENDING
LR_E0301_08_2023,1,E0301,ANNUAL,2,PENDING
LR_E0315_08_2023,1,E0315,ANNUAL,3,PENDING
LR_E0339_08_2023,1,E0339,SICK,1,PENDING
LR_E0348_08_2023,1,E0348,SICK,1,PENDING
LR_E0358_08_2023,1,E0358,ANNUAL,3,PENDING
LR_E0367_08_2023,1,E0367,SICK,1,PENDING
LR_E0376_08_2023,1,E0376,SICK,1,PENDING
LR_E0384_08_2023,1,E0384,SICK,3,PENDING
LR_E0385_08_2023,1,E0385,SICK,1,PENDING
LR_E0407_08_2023,1,E0407,ANNUAL,1,PENDING
LR_E0412_08_2023,1,E0412,ANNUAL,1,PENDING
LR_E0437_08_2023,1,E0437,ANNUAL,1,PENDING
LR_E0443_08_2023,1,E0443,SICK,1,PENDING
LR_E0457_08_2023,1,E0457,ANNUAL,3,PENDING
LR_E0467_08_2023,1,E0467,SICK,3,PENDING
LR_E0482_08_2023,1,E0482,SICK,3,PENDING
LR_E0484_08_2023,1,E0484,ANNUAL,2,PENDING
LR_E0490_08_2023,1,E0490,SICK,1,PENDING
LR_E0493_08_2023,1,E0493,ANNUAL,2,PENDING
LR_E0507_08_2023,1,E0507,ANNUAL,2,PENDING
LR_E0522_08_2023,1,E0522,ANNUAL,2,PENDING
LR_E0526_08_2023,1,E0526,SICK,3,PENDING
LR_E0528_08_2023,1,E0528,ANNUAL,2,PENDING
LR_E0539_08_2023,1,E0539,ANNUAL,1,PENDING
LR_E0559_08_2023,1,E0559,ANNUAL,2,PENDING
LR_E0568_08_2023,1,E0568,ANNUAL,1,PENDING
LR_E0572_08_2023,1,E0572,ANNUAL,1,PENDING
LR_E0583_08_2023,1,E0583,ANNUAL,2,PENDING
LR_E0599_08_2023,1,E0599,ANNUAL,2,PENDING
LR_E0630_08_2023,1,E0630,ANNUAL,1,PENDING
LR_E0632_08_2023,1,E0632,SICK,1,PENDING
LR_E0643_08_2023,1,E0643,SICK,3,PENDING
LR_E0651_08_2023,1,E0651,SICK,2,PENDING
LR_E0654_08_2023,1,E0654,ANNUAL,3,PENDING
LR_E0664_08_2023,1,E0664,SICK,2,PENDING
LR_E0665_08_2023,1,E0665,ANNUAL,2,PENDING
LR_E0674_08_2023,1,E0674,SICK,3,PENDING
LR_E0675_08_2023,1,E0675,ANNUAL,3,PENDING
LR_E0690_08_2023,1,E0690,SICK,1,PENDING
LR_E0692_08_2023,1,E0692,SICK,1,PENDING
LR_E0696_08_2023,1,E0696,SICK,1,PENDING
LR_E0697_08_2023,1,E0697,SICK,1,PENDING
LR_E0705_08_2023,1,E0705,SICK,2,PENDING
LR_E0737_08_2023,1,E0737,SICK,2,PENDING
LR_E0739_08_2023,1,E0739,ANNUAL,1,PENDING
LR_E0746_08_2023,1,E0746,SICK,2,PENDING
LR_E0770_08_2023,1,E0770,ANNUAL,1,PENDING
LR_E0776_08_2023,1,E0776,ANNUAL,3,PENDING
LR_E0791_08_2023,1,E0791,SICK,2,PENDING
LR_E0846_08_2023,1,E0846,SICK,2,PENDING
LR_E0851_08_2023,1,E0851,ANNUAL,2,PENDING
LR_E0852_08_2023,1,E0852,ANNUAL,1,PENDING
LR_E0868_08_2023,1,E0868,ANNUAL,2,PENDING
LR_E0881_08_2023,1,E0881,SICK,3,PENDING
LR_E0896_08_2023,1,E0896,ANNUAL,2,PENDING
LR_E0897_08_2023,1,E0897,ANNUAL,3,PENDING
LR_E0919_08_2023,1,E0919,SICK,3,PENDING
LR_E0922_08_2023,1,E0922,ANNUAL,3,PENDING
LR_E0924_08_2023,1,E0924,SICK,3,PENDING
LR_E0937_08_2023,1,E0937,SICK,2,PENDING
LR_E0976_08_2023,1,E0976,ANNUAL,2,PENDING
LR_E0989_08_2023,1,E0989,ANNUAL,3,PENDING
LR_E0998_08_2023,1,E0998,ANNUAL,1,PENDING
LR_E0999_08_2023,1,E0999,SICK,3,PENDING
LR_E1017_08_2023,1,E1017,ANNUAL,3,PENDING
LR_E1020_08_2023,1,E1020,ANNUAL,3,PENDING
LR_E1060_08_2023,1,E1060,ANNUAL,2,PENDING
LR_E1062_08_2023,1,E1062,ANNUAL,2,PENDING
LR_E1069_08_2023,1,E1069,ANNUAL,2,PENDING
LR_E1078_08_2023,1,E1078,ANNUAL,1,PENDING
LR_E1090_08_2023,1,E1090,ANNUAL,3,PENDING
LR_E1100_08_2023,1,E1100,ANNUAL,1,PENDING
LR_E1106_08_2023,1,E1106,ANNUAL,1,PENDING
LR_E1108_08_2023,1,E1108,SICK,1,PENDING
LR_E1128_08_2023,1,E1128,ANNUAL,1,PENDING
LR_E1169_08_2023,1,E1169,SICK,1,PENDING
LR_E1182_08_2023,1,E1182,SICK,1,PENDING
LR_E1194_08_2023,1,E1194,SICK,3,PENDING
LR_E1200_08_2023,1,E1200,SICK,2,PENDING
LR_E0012_09_2023,1,E0012,SICK,3,PENDING
LR_E0014_09_2023,1,E0014,SICK,3,PENDING
LR_E0037_09_2023,1,E0037,ANNUAL,2,PENDING
LR_E0054_09_2023,1,E0054,SICK,3,PENDING
LR_E0060_09_2023,1,E0060,SICK,1,PENDING
LR_E0061_09_2023,1,E0061,SICK,2,PENDING
LR_E0066_09_2023,1,E0066,SICK,1,PENDING
LR_E0068_09_2023,1,E0068,SICK,3,PENDING
LR_E0078_09_2023,1,E0078,SICK,1,PENDING
LR_E0091_09_2023,1,E0091,SICK,3,PENDING
LR_E0095_09_2023,1,E0095,ANNUAL,2,PENDING
LR_E0097_09_2023,1,E0097,SICK,3,PENDING
LR_E0104_09_2023,1,E0104,ANNUAL,1,PENDING
LR_E0112_09_2023,1,E0112,SICK,2,PENDING
LR_E0129_09_2023,1,E0129,ANNUAL,3,PENDING
LR_E0142_09_2023,1,E0142,SICK,3,PENDING
LR_E0146_09_2023,1,E0146,ANNUAL,3,PENDING
LR_E0150_09_2023,1,E0150,SICK,1,PENDING
LR_E0155_09_2023,1,E0155,ANNUAL,1,PENDING
LR_E0161_09_2023,1,E0161,ANNUAL,1,PENDING
LR_E0165_09_2023,1,E0165,ANNUAL,3,PENDING
LR_E0168_09_2023,1,E0168,ANNUAL,3,PENDING
LR_E0179_09_2023,1,E0179,SICK,3,PENDING
LR_E0202_09_2023,1,E0202,ANNUAL,3,PENDING
LR_E0203_09_2023,1,E0203,ANNUAL,1,PENDING
LR_E0212_09_2023,1,E0212,ANNUAL,3,PENDING
LR_E0213_09_2023,1,E0213,ANNUAL,3,PENDING
LR_E0214_09_2023,1,E0214,SICK,3,PENDING
LR_E0219_09_2023,1,E0219,SICK,2,PENDING
LR_E0229_09_2023,1,E0229,ANNUAL,3,PENDING
LR_E0252_09_2023,1,E0252,ANNUAL,3,PENDING
LR_E0271_09_2023,1,E0271,SICK,3,PENDING
LR_E0285_09_2023,1,E0285,SICK,3,PENDING
LR_E0303_09_2023,1,E0303,ANNUAL,3,PENDING
LR_E0304_09_2023,1,E0304,SICK,1,PENDING
LR_E0305_09_2023,1,E0305,SICK,3,PENDING
LR_E0330_09_2023,1,E0330,SICK,3,PENDING
LR_E0331_09_2023,1,E0331,ANNUAL,2,PENDING
LR_E0342_09_2023,1,E0342,SICK,2,PENDING
LR_E0375_09_2023,1,E0375,SICK,3,PENDING
LR_E0376_09_2023,1,E0376,SICK,2,PENDING
LR_E0380_09_2023,1,E0380,SICK,1,PENDING
LR_E0381_09_2023,1,E0381,SICK,3,PENDING
LR_E0385_09_2023,1,E0385,SICK,3,PENDING
LR_E0390_09_2023,1,E0390,ANNUAL,2,PENDING
LR_E0393_09_2023,1,E0393,ANNUAL,1,PENDING
LR_E0415_09_2023,1,E0415,SICK,2,PENDING
LR_E0423_09_2023,1,E0423,SICK,1,PENDING
LR_E0428_09_2023,1,E0428,ANNUAL,3,PENDING
LR_E0434_09_2023,1,E0434,ANNUAL,3,PENDING
LR_E0445_09_2023,1,E0445,ANNUAL,1,PENDING
LR_E0446_09_2023,1,E0446,SICK,1,PENDING
LR_E0517_09_2023,1,E0517,SICK,2,PENDING
LR_E0545_09_2023,1,E0545,ANNUAL,3,PENDING
LR_E0568_09_2023,1,E0568,SICK,3,PENDING
LR_E0577_09_2023,1,E0577,SICK,1,PENDING
LR_E0594_09_2023,1,E0594,SICK,2,PENDING
LR_E0599_09_2023,1,E0599,ANNUAL,3,PENDING
LR_E0612_09_2023,1,E0612,ANNUAL,1,PENDING
LR_E0636_09_2023,1,E0636,SICK,1,PENDING
LR_E0640_09_2023,1,E0640,ANNUAL,1,PENDING
LR_E0662_09_2023,1,E0662,ANNUAL,3,PENDING
LR_E0673_09_2023,1,E0673,ANNUAL,1,PENDING
LR_E0680_09_2023,1,E0680,SICK,1,PENDING
LR_E0683_09_2023,1,E0683,SICK,3,PENDING
LR_E0726_09_2023,1,E0726,SICK,2,PENDING
LR_E0730_09_2023,1,E0730,ANNUAL,2,PENDING
LR_E0732_09_2023,1,E0732,ANNUAL,1,PENDING
LR_E0734_09_2023,1,E0734,SICK,3,PENDING
LR_E0748_09_2023,1,E0748,SICK,1,PENDING
LR_E0753_09_2023,1,E0753,ANNUAL,3,PENDING
LR_E0768_09_2023,1,E0768,ANNUAL,1,PENDING
LR_E0781_09_2023,1,E0781,SICK,2,PENDING
LR_E0794_09_2023,1,E0794,ANNUAL,1,PENDING
LR_E0800_09_2023,1,E0800,ANNUAL,3,PENDING
LR_E0801_09_2023,1,E0801,ANNUAL,3,PENDING
LR_E0813_09_2023,1,E0813,ANNUAL,3,PENDING
LR_E0830_09_2023,1,E0830,SICK,2,PENDING
LR_E0836_09_2023,1,E0836,ANNUAL,3,PENDING
LR_E0838_09_2023,1,E0838,SICK,3,PENDING
LR_E0862_09_2023,1,E0862,SICK,1,PENDING
LR_E0869_09_2023,1,E0869,SICK,1,PENDING
LR_E0887_09_2023,1,E0887,ANNUAL,2,PENDING
LR_E0888_09_2023,1,E0888,SICK,1,PENDING
LR_E0891_09_2023,1,E0891,SICK,3,PENDING
LR_E0896_09_2023,1,E0896,SICK,2,PENDING
LR_E0908_09_2023,1,E0908,SICK,3,PENDING
LR_E0922_09_2023,1,E0922,SICK,3,PENDING
LR_E0923_09_2023,1,E0923,ANNUAL,1,PENDING
LR_E0934_09_2023,1,E0934,SICK,3,PENDING
LR_E0937_09_2023,1,E0937,SICK,2,PENDING
LR_E0941_09_2023,1,E0941,SICK,3,PENDING
LR_E0942_09_2023,1,E0942,SICK,1,PENDING
LR_E0952_09_2023,1,E0952,SICK,1,PENDING
LR_E0958_09_2023,1,E0958,ANNUAL,1,PENDING
LR_E0959_09_2023,1,E0959,SICK,1,PENDING
LR_E0969_09_2023,1,E0969,SICK,2,PENDING
LR_E0972_09_2023,1,E0972,SICK,1,PENDING
LR_E0981_09_2023,1,E0981,SICK,2,PENDING
LR_E0993_09_2023,1,E0993,SICK,3,PENDING
LR_E0994_09_2023,1,E0994,ANNUAL,3,PENDING
LR_E0995_09_2023,1,E0995,ANNUAL,3,PENDING
LR_E0999_09_2023,1,E0999,ANNUAL,2,PENDING
LR_E1002_09_2023,1,E1002,ANNUAL,2,PENDING
LR_E1019_09_2023,1,E1019,SICK,1,PENDING
LR_E1037_09_2023,1,E1037,SICK,1,PENDING
LR_E1042_09_2023,1,E1042,SICK,1,PENDING
LR_E1049_09_2023,1,E1049,SICK,1,PENDING
LR_E1072_09_2023,1,E1072,SICK,1,PENDING
LR_E1075_09_2023,1,E1075,SICK,3,PENDING
LR_E1080_09_2023,1,E1080,ANNUAL,1,PENDING
LR_E1086_09_2023,1,E1086,ANNUAL,2,PENDING
LR_E1097_09_2023,1,E1097,ANNUAL,2,PENDING
LR_E1098_09_2023,1,E1098,ANNUAL,3,PENDING
LR_E1113_09_2023,1,E1113,ANNUAL,2,PENDING
LR_E1126_09_2023,1,E1126,SICK,3,PENDING
LR_E1153_09_2023,1,E1153,ANNUAL,1,PENDING
LR_E1155_09_2023,1,E1155,SICK,2,PENDING
LR_E1159_09_2023,1,E1159,ANNUAL,3,PENDING
LR_E1160_09_2023,1,E1160,ANNUAL,1,PENDING
LR_E1181_09_2023,1,E1181,ANNUAL,2,PENDING
LR_E1182_09_2023,1,E1182,ANNUAL,2,PENDING
LR_E1184_09_2023,1,E1184,SICK,2,PENDING
LR_E1199_09_2023,1,E1199,SICK,1,PENDING
LR_E0016_10_2023,1,E0016,ANNUAL,3,PENDING
LR_E0019_10_2023,1,E0019,ANNUAL,2,PENDING
LR_E0042_10_2023,1,E0042,ANNUAL,1,PENDING
LR_E0045_10_2023,1,E0045,ANNUAL,2,PENDING
LR_E0048_10_2023,1,E0048,SICK,3,PENDING
LR_E0068_10_2023,1,E0068,ANNUAL,2,PENDING
LR_E0075_10_2023,1,E0075,SICK,1,PENDING
LR_E0096_10_2023,1,E0096,SICK,2,PENDING
LR_E0114_10_2023,1,E0114,SICK,2,PENDING
LR_E0128_10_2023,1,E0128,ANNUAL,3,PENDING
LR_E0129_10_2023,1,E0129,ANNUAL,2,PENDING
LR_E0163_10_2023,1,E0163,ANNUAL,1,PENDING
LR_E0169_10_2023,1,E0169,ANNUAL,3,PENDING
LR_E0174_10_2023,1,E0174,SICK,2,PENDING
LR_E0209_10_2023,1,E0209,SICK,3,PENDING
LR_E0210_10_2023,1,E0210,SICK,2,PENDING
LR_E0211_10_2023,1,E0211,SICK,2,PENDING
LR_E0221_10_2023,1,E0221,SICK,3,PENDING
LR_E0230_10_2023,1,E0230,SICK,3,PENDING
LR_E0232_10_2023,1,E0232,SICK,1,PENDING
LR_E0252_10_2023,1,E0252,SICK,1,PENDING
LR_E0253_10_2023,1,E0253,SICK,2,PENDING
LR_E0255_10_2023,1,E0255,SICK,1,PENDING
LR_E0271_10_2023,1,E0271,ANNUAL,3,PENDING
LR_E0278_10_2023,1,E0278,ANNUAL,3,PENDING
LR_E0279_10_2023,1,E0279,ANNUAL,1,PENDING
LR_E0316_10_2023,1,E0316,ANNUAL,1,PENDING
LR_E0330_10_2023,1,E0330,SICK,1,PENDING
LR_E0331_10_2023,1,E0331,SICK,1,PENDING
LR_E0332_10_2023,1,E0332,ANNUAL,3,PENDING
LR_E0335_10_2023,1,E0335,SICK,2,PENDING
LR_E0346_10_2023,1,E0346,ANNUAL,1,PENDING
LR_E0355_10_2023,1,E0355,ANNUAL,1,PENDING
LR_E0357_10_2023,1,E0357,SICK,2,PENDING
LR_E0367_10_2023,1,E0367,SICK,2,PENDING
LR_E0382_10_2023,1,E0382,SICK,2,PENDING
LR_E0384_10_2023,1,E0384,SICK,2,PENDING
LR_E0389_10_2023,1,E0389,SICK,3,PENDING
LR_E0400_10_2023,1,E0400,ANNUAL,1,PENDING
LR_E0409_10_2023,1,E0409,ANNUAL,2,PENDING
LR_E0432_10_2023,1,E0432,SICK,1,PENDING
LR_E0446_10_2023,1,E0446,ANNUAL,1,PENDING
LR_E0453_10_2023,1,E0453,SICK,2,PENDING
LR_E0455_10_2023,1,E0455,ANNUAL,1,PENDING
LR_E0484_10_2023,1,E0484,ANNUAL,3,PENDING
LR_E0490_10_2023,1,E0490,ANNUAL,1,PENDING
LR_E0509_10_2023,1,E0509,ANNUAL,1,PENDING
LR_E0536_10_2023,1,E0536,ANNUAL,1,PENDING
LR_E0543_10_2023,1,E0543,SICK,3,PENDING
LR_E0551_10_2023,1,E0551,ANNUAL,1,PENDING
LR_E0558_10_2023,1,E0558,ANNUAL,1,PENDING
LR_E0576_10_2023,1,E0576,ANNUAL,1,PENDING
LR_E0581_10_2023,1,E0581,ANNUAL,2,PENDING
LR_E0584_10_2023,1,E0584,ANNUAL,1,PENDING
LR_E0586_10_2023,1,E0586,ANNUAL,2,PENDING
LR_E0593_10_2023,1,E0593,SICK,3,PENDING
LR_E0607_10_2023,1,E0607,ANNUAL,1,PENDING
LR_E0635_10_2023,1,E0635,ANNUAL,3,PENDING
LR_E0647_10_2023,1,E0647,ANNUAL,1,PENDING
LR_E0658_10_2023,1,E0658,ANNUAL,3,PENDING
LR_E0685_10_2023,1,E0685,ANNUAL,2,PENDING
LR_E0689_10_2023,1,E0689,ANNUAL,2,PENDING
LR_E0690_10_2023,1,E0690,SICK,3,PENDING
LR_E0693_10_2023,1,E0693,SICK,1,PENDING
LR_E0694_10_2023,1,E0694,ANNUAL,3,PENDING
LR_E0702_10_2023,1,E0702,SICK,3,PENDING
LR_E0703_10_2023,1,E0703,SICK,3,PENDING
LR_E0712_10_2023,1,E0712,SICK,3,PENDING
LR_E0729_10_2023,1,E0729,ANNUAL,1,PENDING
LR_E0738_10_2023,1,E0738,ANNUAL,2,PENDING
LR_E0774_10_2023,1,E0774,SICK,3,PENDING
LR_E0788_10_2023,1,E0788,ANNUAL,3,PENDING
LR_E0806_10_2023,1,E0806,ANNUAL,2,PENDING
LR_E0815_10_2023,1,E0815,SICK,2,PENDING
LR_E0829_10_2023,1,E0829,ANNUAL,3,PENDING
LR_E0845_10_2023,1,E0845,SICK,3,PENDING
LR_E0854_10_2023,1,E0854,ANNUAL,1,PENDING
LR_E0875_10_2023,1,E0875,ANNUAL,3,PENDING
LR_E0940_10_2023,1,E0940,SICK,2,PENDING
LR_E0941_10_2023,1,E0941,SICK,1,PENDING
LR_E0957_10_2023,1,E0957,ANNUAL,3,PENDING
LR_E0979_10_2023,1,E0979,SICK,3,PENDING
LR_E0985_10_2023,1,E0985,SICK,2,PENDING
LR_E0987_10_2023,1,E0987,SICK,3,PENDING
LR_E0997_10_2023,1,E0997,SICK,1,PENDING
LR_E1010_10_2023,1,E1010,SICK,1,PENDING
LR_E1011_10_2023,1,E1011,SICK,2,PENDING
LR_E1027_10_2023,1,E1027,SICK,2,PENDING
LR_E1033_10_2023,1,E1033,ANNUAL,3,PENDING
LR_E1056_10_2023,1,E1056,ANNUAL,2,PENDING
LR_E1058_10_2023,1,E1058,SICK,2,PENDING
LR_E1078_10_2023,1,E1078,SICK,2,PENDING
LR_E1081_10_2023,1,E1081,ANNUAL,3,PENDING
LR_E1090_10_2023,1,E1090,ANNUAL,1,PENDING
LR_E1093_10_2023,1,E1093,ANNUAL,2,PENDING
LR_E1112_10_2023,1,E1112,SICK,1,PENDING
LR_E1135_10_2023,1,E1135,ANNUAL,1,PENDING
LR_E1140_10_2023,1,E1140,SICK,3,PENDING
LR_E1149_10_2023,1,E1149,ANNUAL,1,PENDING
LR_E1155_10_2023,1,E1155,SICK,2,PENDING
LR_E1164_10_2023,1,E1164,ANNUAL,2,PENDING
LR_E1165_10_2023,1,E1165,ANNUAL,1,PENDING
LR_E1176_10_2023,1,E1176,SICK,3,PENDING
LR_E1181_10_2023,1,E1181,ANNUAL,3,PENDING
LR_E1186_10_2023,1,E1186,ANNUAL,2,PENDING
LR_E1198_10_2023,1,E1198,ANNUAL,3,PENDING
LR_E1200_10_2023,1,E1200,SICK,3,PENDING
LR_E0016_11_2023,1,E0016,ANNUAL,3,PENDING
LR_E0026_11_2023,1,E0026,ANNUAL,1,PENDING
LR_E0039_11_2023,1,E0039,SICK,3,PENDING
LR_E0045_11_2023,1,E0045,ANNUAL,2,PENDING
LR_E0050_11_2023,1,E0050,SICK,3,PENDING
LR_E0053_11_2023,1,E0053,SICK,1,PENDING
LR_E0070_11_2023,1,E0070,SICK,2,PENDING
LR_E0082_11_2023,1,E0082,ANNUAL,1,PENDING
LR_E0090_11_2023,1,E0090,SICK,1,PENDING
LR_E0095_11_2023,1,E0095,ANNUAL,2,PENDING
LR_E0101_11_2023,1,E0101,ANNUAL,2,PENDING
LR_E0119_11_2023,1,E0119,ANNUAL,3,PENDING
LR_E0133_11_2023,1,E0133,SICK,2,PENDING
LR_E0143_11_2023,1,E0143,SICK,1,PENDING
LR_E0177_11_2023,1,E0177,SICK,2,PENDING
LR_E0180_11_2023,1,E0180,SICK,1,PENDING
LR_E0183_11_2023,1,E0183,SICK,3,PENDING
LR_E0190_11_2023,1,E0190,ANNUAL,2,PENDING
LR_E0191_11_2023,1,E0191,SICK,3,PENDING
LR_E0208_11_2023,1,E0208,SICK,2,PENDING
LR_E0210_11_2023,1,E0210,SICK,1,PENDING
LR_E0224_11_2023,1,E0224,SICK,1,PENDING
LR_E0228_11_2023,1,E0228,SICK,2,PENDING
LR_E0259_11_2023,1,E0259,SICK,1,PENDING
LR_E0264_11_2023,1,E0264,ANNUAL,3,PENDING
LR_E0273_11_2023,1,E0273,ANNUAL,2,PENDING
LR_E0274_11_2023,1,E0274,ANNUAL,3,PENDING
LR_E0284_11_2023,1,E0284,SICK,1,PENDING
LR_E0286_11_2023,1,E0286,ANNUAL,1,PENDING
LR_E0307_11_2023,1,E0307,SICK,2,PENDING
LR_E0312_11_2023,1,E0312,SICK,3,PENDING
LR_E0344_11_2023,1,E0344,ANNUAL,1,PENDING
LR_E0355_11_2023,1,E0355,SICK,3,PENDING
LR_E0358_11_2023,1,E0358,ANNUAL,2,PENDING
LR_E0364_11_2023,1,E0364,ANNUAL,1,PENDING
LR_E0413_11_2023,1,E0413,SICK,2,PENDING
LR_E0421_11_2023,1,E0421,SICK,1,PENDING
LR_E0433_11_2023,1,E0433,SICK,3,PENDING
LR_E0447_11_2023,1,E0447,ANNUAL,1,PENDING
LR_E0458_11_2023,1,E0458,SICK,2,PENDING
LR_E0465_11_2023,1,E0465,SICK,1,PENDING
LR_E0485_11_2023,1,E0485,ANNUAL,1,PENDING
LR_E0505_11_2023,1,E0505,SICK,3,PENDING
LR_E0534_11_2023,1,E0534,ANNUAL,3,PENDING
LR_E0539_11_2023,1,E0539,ANNUAL,3,PENDING
LR_E0541_11_2023,1,E0541,ANNUAL,2,PENDING
LR_E0568_11_2023,1,E0568,SICK,2,PENDING
LR_E0569_11_2023,1,E0569,ANNUAL,3,PENDING
LR_E0571_11_2023,1,E0571,SICK,3,PENDING
LR_E0583_11_2023,1,E0583,ANNUAL,3,PENDING
LR_E0587_11_2023,1,E0587,SICK,1,PENDING
LR_E0600_11_2023,1,E0600,SICK,2,PENDING
LR_E0603_11_2023,1,E0603,SICK,2,PENDING
LR_E0628_11_2023,1,E0628,SICK,2,PENDING
LR_E0629_11_2023,1,E0629,SICK,2,PENDING
LR_E0650_11_2023,1,E0650,ANNUAL,2,PENDING
LR_E0651_11_2023,1,E0651,SICK,3,PENDING
LR_E0665_11_2023,1,E0665,SICK,2,PENDING
LR_E0679_11_2023,1,E0679,ANNUAL,3,PENDING
LR_E0683_11_2023,1,E0683,SICK,3,PENDING
LR_E0752_11_2023,1,E0752,SICK,3,PENDING
LR_E0776_11_2023,1,E0776,ANNUAL,3,PENDING
LR_E0780_11_2023,1,E0780,SICK,1,PENDING
LR_E0781_11_2023,1,E0781,SICK,2,PENDING
LR_E0782_11_2023,1,E0782,ANNUAL,1,PENDING
LR_E0794_11_2023,1,E0794,SICK,3,PENDING
LR_E0797_11_2023,1,E0797,SICK,3,PENDING
LR_E0817_11_2023,1,E0817,SICK,2,PENDING
LR_E0835_11_2023,1,E0835,ANNUAL,1,PENDING
LR_E0842_11_2023,1,E0842,SICK,3,PENDING
LR_E0845_11_2023,1,E0845,ANNUAL,2,PENDING
LR_E0856_11_2023,1,E0856,SICK,1,PENDING
LR_E0859_11_2023,1,E0859,ANNUAL,2,PENDING
LR_E0861_11_2023,1,E0861,ANNUAL,3,PENDING
LR_E0875_11_2023,1,E0875,ANNUAL,1,PENDING
LR_E0899_11_2023,1,E0899,ANNUAL,3,PENDING
LR_E0914_11_2023,1,E0914,SICK,3,PENDING
LR_E0916_11_2023,1,E0916,SICK,2,PENDING
LR_E0946_11_2023,1,E0946,ANNUAL,2,PENDING
LR_E0956_11_2023,1,E0956,SICK,3,PENDING
LR_E0960_11_2023,1,E0960,SICK,3,PENDING
LR_E0963_11_2023,1,E0963,SICK,2,PENDING
LR_E0964_11_2023,1,E0964,SICK,3,PENDING
LR_E0976_11_2023,1,E0976,ANNUAL,2,PENDING
LR_E0980_11_2023,1,E0980,ANNUAL,3,PENDING
LR_E0985_11_2023,1,E0985,SICK,1,PENDING
LR_E0988_11_2023,1,E0988,SICK,1,PENDING
LR_E0999_11_2023,1,E0999,ANNUAL,3,PENDING
LR_E1004_11_2023,1,E1004,ANNUAL,3,PENDING
LR_E1026_11_2023,1,E1026,ANNUAL,1,PENDING
LR_E1059_11_2023,1,E1059,ANNUAL,3,PENDING
LR_E1075_11_2023,1,E1075,SICK,1,PENDING
LR_E1082_11_2023,1,E1082,SICK,3,PENDING
LR_E1102_11_2023,1,E1102,ANNUAL,1,PENDING
LR_E1120_11_2023,1,E1120,SICK,2,PENDING
LR_E1137_11_2023,1,E1137,SICK,3,PENDING
LR_E1144_11_2023,1,E1144,SICK,2,PENDING
LR_E1154_11_2023,1,E1154,ANNUAL,1,PENDING
LR_E1156_11_2023,1,E1156,SICK,3,PENDING
LR_E1182_11_2023,1,E1182,SICK,3,PENDING
LR_E1189_11_2023,1,E1189,ANNUAL,1,PENDING
LR_E1191_11_2023,1,E1191,SICK,3,PENDING
LR_E1196_11_2023,1,E1196,SICK,1,PENDING
LR_E1198_11_2023,1,E1198,SICK,1,PENDING
LR_E0012_12_2023,1,E0012,ANNUAL,2,PENDING
LR_E0031_12_2023,1,E0031,SICK,1,PENDING
LR_E0034_12_2023,1,E0034,ANNUAL,3,PENDING
LR_E0057_12_2023,1,E0057,SICK,3,PENDING
LR_E0073_12_2023,1,E0073,SICK,1,PENDING
LR_E0081_12_2023,1,E0081,SICK,2,PENDING
LR_E0096_12_2023,1,E0096,ANNUAL,2,PENDING
LR_E0116_12_2023,1,E0116,SICK,3,PENDING
LR_E0126_12_2023,1,E0126,ANNUAL,1,PENDING
LR_E0143_12_2023,1,E0143,ANNUAL,2,PENDING
LR_E0144_12_2023,1,E0144,ANNUAL,2,PENDING
LR_E0145_12_2023,1,E0145,ANNUAL,3,PENDING
LR_E0155_12_2023,1,E0155,ANNUAL,3,PENDING
LR_E0173_12_2023,1,E0173,ANNUAL,1,PENDING
LR_E0183_12_2023,1,E0183,SICK,2,PENDING
LR_E0188_12_2023,1,E0188,ANNUAL,2,PENDING
LR_E0189_12_2023,1,E0189,SICK,2,PENDING
LR_E0198_12_2023,1,E0198,ANNUAL,3,PENDING
LR_E0209_12_2023,1,E0209,ANNUAL,3,PENDING
LR_E0213_12_2023,1,E0213,SICK,1,PENDING
LR_E0233_12_2023,1,E0233,SICK,2,PENDING
LR_E0238_12_2023,1,E0238,ANNUAL,1,PENDING
LR_E0240_12_2023,1,E0240,SICK,1,PENDING
LR_E0246_12_2023,1,E0246,ANNUAL,1,PENDING
LR_E0247_12_2023,1,E0247,SICK,2,PENDING
LR_E0253_12_2023,1,E0253,SICK,1,PENDING
LR_E0255_12_2023,1,E0255,SICK,2,PENDING
LR_E0267_12_2023,1,E0267,ANNUAL,2,PENDING
LR_E0299_12_2023,1,E0299,SICK,2,PENDING
LR_E0305_12_2023,1,E0305,ANNUAL,1,PENDING
LR_E0306_12_2023,1,E0306,ANNUAL,2,PENDING
LR_E0316_12_2023,1,E0316,SICK,2,PENDING
LR_E0324_12_2023,1,E0324,ANNUAL,3,PENDING
LR_E0341_12_2023,1,E0341,ANNUAL,1,PENDING
LR_E0344_12_2023,1,E0344,ANNUAL,3,PENDING
LR_E0347_12_2023,1,E0347,SICK,1,PENDING
LR_E0348_12_2023,1,E0348,ANNUAL,2,PENDING
LR_E0352_12_2023,1,E0352,ANNUAL,2,PENDING
LR_E0368_12_2023,1,E0368,ANNUAL,2,PENDING
LR_E0371_12_2023,1,E0371,ANNUAL,2,PENDING
LR_E0381_12_2023,1,E0381,ANNUAL,1,PENDING
LR_E0386_12_2023,1,E0386,ANNUAL,2,PENDING
LR_E0413_12_2023,1,E0413,SICK,3,PENDING
LR_E0427_12_2023,1,E0427,ANNUAL,3,PENDING
LR_E0437_12_2023,1,E0437,ANNUAL,2,PENDING
LR_E0443_12_2023,1,E0443,SICK,2,PENDING
LR_E0449_12_2023,1,E0449,SICK,1,PENDING
LR_E0476_12_2023,1,E0476,ANNUAL,2,PENDING
LR_E0481_12_2023,1,E0481,ANNUAL,2,PENDING
LR_E0489_12_2023,1,E0489,SICK,2,PENDING
LR_E0497_12_2023,1,E0497,ANNUAL,1,PENDING
LR_E0517_12_2023,1,E0517,ANNUAL,1,PENDING
LR_E0527_12_2023,1,E0527,ANNUAL,3,PENDING
LR_E0539_12_2023,1,E0539,ANNUAL,2,PENDING
LR_E0542_12_2023,1,E0542,ANNUAL,1,PENDING
LR_E0579_12_2023,1,E0579,SICK,2,PENDING
LR_E0584_12_2023,1,E0584,ANNUAL,1,PENDING
LR_E0599_12_2023,1,E0599,SICK,3,PENDING
LR_E0600_12_2023,1,E0600,ANNUAL,1,PENDING
LR_E0605_12_2023,1,E0605,SICK,2,PENDING
LR_E0609_12_2023,1,E0609,SICK,1,PENDING
LR_E0622_12_2023,1,E0622,ANNUAL,2,PENDING
LR_E0630_12_2023,1,E0630,ANNUAL,3,PENDING
LR_E0640_12_2023,1,E0640,ANNUAL,3,PENDING
LR_E0654_12_2023,1,E0654,SICK,2,PENDING
LR_E0655_12_2023,1,E0655,SICK,3,PENDING
LR_E0667_12_2023,1,E0667,ANNUAL,2,PENDING
LR_E0669_12_2023,1,E0669,SICK,3,PENDING
LR_E0670_12_2023,1,E0670,SICK,3,PENDING
LR_E0675_12_2023,1,E0675,SICK,2,PENDING
LR_E0678_12_2023,1,E0678,SICK,3,PENDING
LR_E0681_12_2023,1,E0681,SICK,3,PENDING
LR_E0688_12_2023,1,E0688,SICK,3,PENDING
LR_E0701_12_2023,1,E0701,ANNUAL,2,PENDING
LR_E0704_12_2023,1,E0704,ANNUAL,1,PENDING
LR_E0709_12_2023,1,E0709,ANNUAL,3,PENDING
LR_E0715_12_2023,1,E0715,ANNUAL,1,PENDING
LR_E0725_12_2023,1,E0725,ANNUAL,1,PENDING
LR_E0748_12_2023,1,E0748,ANNUAL,2,PENDING
LR_E0749_12_2023,1,E0749,ANNUAL,2,PENDING
LR_E0755_12_2023,1,E0755,ANNUAL,2,PENDING
LR_E0761_12_2023,1,E0761,ANNUAL,1,PENDING
LR_E0765_12_2023,1,E0765,SICK,2,PENDING
LR_E0768_12_2023,1,E0768,ANNUAL,3,PENDING
LR_E0770_12_2023,1,E0770,ANNUAL,1,PENDING
LR_E0784_12_2023,1,E0784,ANNUAL,1,PENDING
LR_E0785_12_2023,1,E0785,SICK,2,PENDING
LR_E0814_12_2023,1,E0814,SICK,3,PENDING
LR_E0823_12_2023,1,E0823,ANNUAL,1,PENDING
LR_E0872_12_2023,1,E0872,ANNUAL,1,PENDING
LR_E0883_12_2023,1,E0883,SICK,1,PENDING
LR_E0919_12_2023,1,E0919,ANNUAL,1,PENDING
LR_E0927_12_2023,1,E0927,SICK,1,PENDING
LR_E0945_12_2023,1,E0945,ANNUAL,1,PENDING
LR_E0948_12_2023,1,E0948,SICK,3,PENDING
LR_E0967_12_2023,1,E0967,SICK,2,PENDING
LR_E0968_12_2023,1,E0968,ANNUAL,2,PENDING
LR_E0971_12_2023,1,E0971,SICK,2,PENDING
LR_E0976_12_2023,1,E0976,SICK,3,PENDING
LR_E0980_12_2023,1,E0980,ANNUAL,2,PENDING
LR_E0984_12_2023,1,E0984,ANNUAL,3,PENDING
LR_E0997_12_2023,1,E0997,ANNUAL,3,PENDING
LR_E1042_12_2023,1,E1042,SICK,3,PENDING
LR_E1063_12_2023,1,E1063,SICK,2,PENDING
LR_E1064_12_2023,1,E1064,SICK,2,PENDING
LR_E1119_12_2023,1,E1119,SICK,3,PENDING
LR_E1138_12_2023,1,E1138,SICK,3,PENDING
LR_E1146_12_2023,1,E1146,SICK,3,PENDING
LR_E1148_12_2023,1,E1148,SICK,3,PENDING
LR_E1149_12_2023,1,E1149,SICK,1,PENDING
LR_E1154_12_2023,1,E1154,ANNUAL,2,PENDING
LR_E1173_12_2023,1,E1173,SICK,3,PENDING
LR_E1176_12_2023,1,E1176,ANNUAL,1,PENDING
LR_E1193_12_2023,1,E1193,ANNUAL,2,PENDING
